[
  {
    "id": "d96dfbac-f31e-429b-ab6e-413a30e8e81f",
    "data": [
      {
        "text": "ตึกที่เท่าไหร่",
        "meta": "@question",
        "alias": "question",
        "userDefined": true
      }
    ],
    "isTemplate": false,
    "count": 0,
    "lang": "th",
    "updated": 0
  },
  {
    "id": "490f7502-2199-442a-b3d4-fc694f70d61c",
    "data": [
      {
        "text": "ตึกที่",
        "meta": "@question",
        "alias": "question",
        "userDefined": true
      }
    ],
    "isTemplate": false,
    "count": 0,
    "lang": "th",
    "updated": 0
  },
  {
    "id": "53ab2935-e02e-4967-a4a7-0a5e1b9fee42",
    "data": [
      {
        "text": "หมายเลขอาคาร",
        "meta": "@question",
        "alias": "question",
        "userDefined": true
      }
    ],
    "isTemplate": false,
    "count": 0,
    "lang": "th",
    "updated": 0
  },
  {
    "id": "83156c0d-3939-4b91-8855-3893659c1836",
    "data": [
      {
        "text": "หมายเลขตึก",
        "meta": "@question",
        "alias": "question",
        "userDefined": true
      }
    ],
    "isTemplate": false,
    "count": 0,
    "lang": "th",
    "updated": 0
  },
  {
    "id": "8a799a0f-148e-4b78-a7f6-d4355266a092",
    "data": [
      {
        "text": "อยากทราบหมายเลขอาคาร",
        "meta": "@question",
        "alias": "question",
        "userDefined": true
      }
    ],
    "isTemplate": false,
    "count": 5,
    "lang": "th",
    "updated": 0
  }
]