[
  {
    "id": "9b5c21c7-3d96-49e2-9ff2-860fd06c6db1",
    "data": [
      {
        "text": "อาคารชื่ออะไร",
        "meta": "@question",
        "alias": "question",
        "userDefined": true
      }
    ],
    "isTemplate": false,
    "count": 0,
    "lang": "th",
    "updated": 0
  },
  {
    "id": "52edd55f-b4b9-402e-bdd5-9d19c03c7f32",
    "data": [
      {
        "text": "หาชื่ออาคาร",
        "meta": "@question",
        "alias": "question",
        "userDefined": true
      }
    ],
    "isTemplate": false,
    "count": 0,
    "lang": "th",
    "updated": 0
  },
  {
    "id": "aadc3b5a-767a-4737-81e4-45e0902bbb2a",
    "data": [
      {
        "text": "อาคาร",
        "meta": "@question",
        "alias": "question",
        "userDefined": true
      }
    ],
    "isTemplate": false,
    "count": 1,
    "lang": "th",
    "updated": 0
  },
  {
    "id": "e83c52b7-ef10-463d-ac78-b175a163d13c",
    "data": [
      {
        "text": "อยากทราบชื่ออาคาร",
        "meta": "@question",
        "alias": "question",
        "userDefined": true
      }
    ],
    "isTemplate": false,
    "count": 14,
    "lang": "th",
    "updated": 0
  },
  {
    "id": "d89e040e-7d83-440f-ac6d-378aac55899d",
    "data": [
      {
        "text": "ชื่ออาคาร",
        "meta": "@question",
        "alias": "question",
        "userDefined": true
      }
    ],
    "isTemplate": false,
    "count": 0,
    "lang": "th",
    "updated": 0
  }
]