[
  {
    "id": "e167be32-aa48-4875-bf4b-a6ff9c8d0cba",
    "data": [
      {
        "text": "สวัสดี",
        "userDefined": false
      }
    ],
    "isTemplate": false,
    "count": 0,
    "lang": "th",
    "updated": 0
  },
  {
    "id": "3b8db74c-b11d-47f6-92db-0abbe51b0963",
    "data": [
      {
        "text": "ฮัลโหล",
        "userDefined": false
      }
    ],
    "isTemplate": false,
    "count": 0,
    "lang": "th",
    "updated": 0
  },
  {
    "id": "53dc0d71-617d-4e5e-b1b5-e390b3f3cc79",
    "data": [
      {
        "text": "ฮาย",
        "userDefined": false
      }
    ],
    "isTemplate": false,
    "count": 0,
    "lang": "th",
    "updated": 0
  },
  {
    "id": "df15da41-24ff-43b1-a8b8-fa863d76c30e",
    "data": [
      {
        "text": "ดีจ้า",
        "userDefined": true
      }
    ],
    "isTemplate": false,
    "count": 0,
    "lang": "th",
    "updated": 0
  },
  {
    "id": "2b48b705-5822-425d-a782-4ae1dd9b7905",
    "data": [
      {
        "text": "ว่าไง",
        "userDefined": true
      }
    ],
    "isTemplate": false,
    "count": 0,
    "lang": "th",
    "updated": 0
  },
  {
    "id": "a1e4d93b-5ef3-4765-923a-5a210b74a5c9",
    "data": [
      {
        "text": "สวีดัส",
        "userDefined": true
      }
    ],
    "isTemplate": false,
    "count": 0,
    "lang": "th",
    "updated": 0
  },
  {
    "id": "b045a6fd-13d6-441a-bb47-0640204deb75",
    "data": [
      {
        "text": "สวัสดีน้า",
        "userDefined": true
      }
    ],
    "isTemplate": false,
    "count": 0,
    "lang": "th",
    "updated": 0
  },
  {
    "id": "3b1f7f51-a176-43c3-a932-b31c54119408",
    "data": [
      {
        "text": "หวัดดี",
        "userDefined": true
      }
    ],
    "isTemplate": false,
    "count": 0,
    "lang": "th",
    "updated": 0
  }
]