[
  {
    "id": "68c5095c-77a9-4f5f-9f8f-0a0c84d2bb71",
    "data": [
      {
        "text": "ไปตึก",
        "userDefined": true
      }
    ],
    "isTemplate": false,
    "count": 0,
    "lang": "th",
    "updated": 0
  },
  {
    "id": "8453550d-cb0a-4cce-ab62-ffea97c0d53f",
    "data": [
      {
        "text": "การเดินทาง",
        "userDefined": true
      }
    ],
    "isTemplate": false,
    "count": 1,
    "lang": "th",
    "updated": 0
  },
  {
    "id": "8c4d0244-222f-4636-ada3-ece9bebf4e23",
    "data": [
      {
        "text": "โลเคชั่น",
        "userDefined": true
      }
    ],
    "isTemplate": false,
    "count": 0,
    "lang": "th",
    "updated": 0
  },
  {
    "id": "d78e40f6-a957-4e16-b150-c61c8b2d3752",
    "data": [
      {
        "text": "แผนที่",
        "userDefined": true
      }
    ],
    "isTemplate": false,
    "count": 0,
    "lang": "th",
    "updated": 0
  },
  {
    "id": "938d3130-aad8-431b-8354-7daa564e41d9",
    "data": [
      {
        "text": "ที่ไหน",
        "userDefined": true
      }
    ],
    "isTemplate": false,
    "count": 0,
    "lang": "th",
    "updated": 0
  },
  {
    "id": "350a9aa6-674a-47c3-a7ce-9c7807a1221f",
    "data": [
      {
        "text": "อาคารอยู่ไหน",
        "userDefined": true
      }
    ],
    "isTemplate": false,
    "count": 0,
    "lang": "th",
    "updated": 0
  },
  {
    "id": "ef18d944-700d-4cf5-91ba-da253571741b",
    "data": [
      {
        "text": "ตามหาอาคาร",
        "userDefined": true
      }
    ],
    "isTemplate": false,
    "count": 0,
    "lang": "th",
    "updated": 0
  },
  {
    "id": "fff36020-29bc-44e7-becf-55ffa8e096cd",
    "data": [
      {
        "text": "อยู่ไหน",
        "userDefined": true
      }
    ],
    "isTemplate": false,
    "count": 0,
    "lang": "th",
    "updated": 0
  },
  {
    "id": "4018e4d3-22dd-42bc-8d7a-acf39c0772d8",
    "data": [
      {
        "text": "ไปยังไง",
        "userDefined": true
      }
    ],
    "isTemplate": false,
    "count": 0,
    "lang": "th",
    "updated": 0
  },
  {
    "id": "c0d03abb-da6b-4295-b242-a303d87924dd",
    "data": [
      {
        "text": "อยากทราบการเดินทาง",
        "userDefined": true
      }
    ],
    "isTemplate": false,
    "count": 0,
    "lang": "th",
    "updated": 0
  },
  {
    "id": "99e74888-693e-408e-928d-967b86b2eee0",
    "data": [
      {
        "text": "อยากทราบโลเคชั่น",
        "userDefined": true
      }
    ],
    "isTemplate": false,
    "count": 12,
    "lang": "th",
    "updated": 0
  }
]