[
  {
    "id": "3b6734dc-5808-46cb-bb37-9ecff8e907c1",
    "data": [
      {
        "text": "มุก",
        "userDefined": false
      }
    ],
    "isTemplate": false,
    "count": 0,
    "lang": "th",
    "updated": 0
  },
  {
    "id": "887660a8-1541-4e5c-8e9b-e0a6c67bdfcf",
    "data": [
      {
        "text": "ขอมุขตลกหน่อย",
        "userDefined": false
      }
    ],
    "isTemplate": false,
    "count": 0,
    "lang": "th",
    "updated": 0
  },
  {
    "id": "15c946f8-3dcb-482f-a3d8-0674601dd1e0",
    "data": [
      {
        "text": "ขอมุก",
        "userDefined": false
      }
    ],
    "isTemplate": false,
    "count": 0,
    "lang": "th",
    "updated": 0
  },
  {
    "id": "dc34a135-7557-4671-ba7f-f233750e9faf",
    "data": [
      {
        "text": "ขอมุข",
        "userDefined": false
      }
    ],
    "isTemplate": false,
    "count": 0,
    "lang": "th",
    "updated": 0
  },
  {
    "id": "09e57cc4-9248-4396-9017-b9be28257b99",
    "data": [
      {
        "text": "คำถามตลกๆ",
        "userDefined": false
      }
    ],
    "isTemplate": false,
    "count": 0,
    "lang": "th",
    "updated": 0
  },
  {
    "id": "9515a0a0-fe7c-4de6-8de4-705232962183",
    "data": [
      {
        "text": "ขอคำถามฮาๆ",
        "userDefined": false
      }
    ],
    "isTemplate": false,
    "count": 0,
    "lang": "th",
    "updated": 0
  },
  {
    "id": "6041d851-75bb-4f52-8cd7-eb6912da11f8",
    "data": [
      {
        "text": "ขอตลก",
        "userDefined": false
      }
    ],
    "isTemplate": false,
    "count": 0,
    "lang": "th",
    "updated": 0
  },
  {
    "id": "aed00320-5bee-4b1e-bd81-593011be16be",
    "data": [
      {
        "text": "มุขตลกกฮา",
        "userDefined": false
      }
    ],
    "isTemplate": false,
    "count": 0,
    "lang": "th",
    "updated": 0
  },
  {
    "id": "136f9038-efa8-4e4d-a730-62f7c6b997b7",
    "data": [
      {
        "text": "jokes",
        "userDefined": false
      }
    ],
    "isTemplate": false,
    "count": 0,
    "lang": "th",
    "updated": 0
  }
]