[
  {
    "id": "974b2ae3-4792-4d06-b912-3828a9ddfdee",
    "data": [
      {
        "text": "ขอคำถาม",
        "userDefined": false
      }
    ],
    "isTemplate": false,
    "count": 0,
    "lang": "th",
    "updated": 0
  },
  {
    "id": "38f02171-4273-433c-9d01-59c0849a3205",
    "data": [
      {
        "text": "คำถามแก้เซ็ง",
        "userDefined": false
      }
    ],
    "isTemplate": false,
    "count": 0,
    "lang": "th",
    "updated": 0
  },
  {
    "id": "16299d4d-c01e-4022-b378-b653d2bb158b",
    "data": [
      {
        "text": "คำถาม",
        "userDefined": false
      }
    ],
    "isTemplate": false,
    "count": 0,
    "lang": "th",
    "updated": 0
  },
  {
    "id": "4d94f05e-aef7-461c-8597-afb3dd532003",
    "data": [
      {
        "text": "ขอคำถามกร็ดความรู้",
        "userDefined": false
      }
    ],
    "isTemplate": false,
    "count": 0,
    "lang": "th",
    "updated": 0
  },
  {
    "id": "77ce651a-5251-4e01-bcb7-9c440e7818d5",
    "data": [
      {
        "text": "คำถามว่างๆ",
        "userDefined": false
      }
    ],
    "isTemplate": false,
    "count": 0,
    "lang": "th",
    "updated": 0
  },
  {
    "id": "9ded9201-d494-4141-b033-04eb6ac1db1d",
    "data": [
      {
        "text": "แก้เบื่อ",
        "userDefined": false
      }
    ],
    "isTemplate": false,
    "count": 0,
    "lang": "th",
    "updated": 0
  },
  {
    "id": "4a202c6d-2a84-4aa8-8463-b470d53250b9",
    "data": [
      {
        "text": "ขอคำถามแก้เบื่อ",
        "userDefined": false
      }
    ],
    "isTemplate": false,
    "count": 0,
    "lang": "th",
    "updated": 0
  }
]