[
  {
    "id": "6b16bea5-9df3-47dd-a366-fe40f9d7484e",
    "data": [
      {
        "text": "ทำอะไรได้",
        "userDefined": false
      }
    ],
    "isTemplate": false,
    "count": 0,
    "lang": "th",
    "updated": 0
  },
  {
    "id": "b527ea07-de9d-4cfa-aae6-39117379d508",
    "data": [
      {
        "text": "ทำอะไรได้บ้าง",
        "userDefined": false
      }
    ],
    "isTemplate": false,
    "count": 0,
    "lang": "th",
    "updated": 0
  },
  {
    "id": "e2b2c7cf-29eb-47a1-b0a8-17124ab2b662",
    "data": [
      {
        "text": "สามารถตอบคำถามอะไรได้บ้าง",
        "userDefined": false
      }
    ],
    "isTemplate": false,
    "count": 0,
    "lang": "th",
    "updated": 0
  }
]