[
  {
    "id": "050ac3d7-a4d5-44f8-a34b-6cc20bb6581c",
    "data": [
      {
        "text": "ชื่ออาคาร17ชื่อ",
        "userDefined": false
      },
      {
        "text": "อะไร",
        "meta": "@what",
        "alias": "what",
        "userDefined": false
      }
    ],
    "isTemplate": false,
    "count": 0,
    "lang": "th",
    "updated": 0
  },
  {
    "id": "721c4933-b38d-4e50-b447-72f4ff4808c1",
    "data": [
      {
        "text": "ชื่ออาคาร17",
        "userDefined": false
      },
      {
        "text": "คือ",
        "meta": "@what",
        "alias": "what",
        "userDefined": false
      }
    ],
    "isTemplate": false,
    "count": 0,
    "lang": "th",
    "updated": 0
  },
  {
    "id": "66452749-a8ed-4a46-8e53-cbbea25db639",
    "data": [
      {
        "text": "อาคารหมายเลข17",
        "userDefined": false
      },
      {
        "text": "คือ",
        "meta": "@what",
        "alias": "what",
        "userDefined": false
      },
      {
        "text": "อาคาร",
        "userDefined": false
      },
      {
        "text": "อิหยัง",
        "meta": "@what",
        "alias": "what",
        "userDefined": false
      }
    ],
    "isTemplate": false,
    "count": 0,
    "lang": "th",
    "updated": 0
  },
  {
    "id": "5ca2bc4a-efb7-4290-8b64-6529f70a561b",
    "data": [
      {
        "text": "อาคารหมายเลข17",
        "userDefined": false
      },
      {
        "text": "คือ",
        "meta": "@what",
        "alias": "what",
        "userDefined": false
      },
      {
        "text": "อาคาร",
        "userDefined": false
      },
      {
        "text": "อะไร",
        "meta": "@what",
        "alias": "what",
        "userDefined": false
      }
    ],
    "isTemplate": false,
    "count": 0,
    "lang": "th",
    "updated": 0
  },
  {
    "id": "c13d3e2d-9fea-4fd0-ba12-78e3c828fa90",
    "data": [
      {
        "text": "17ชื่อว่า",
        "userDefined": false
      }
    ],
    "isTemplate": false,
    "count": 1,
    "lang": "th",
    "updated": 0
  },
  {
    "id": "4767f237-2dd3-4051-9321-53b99bd44c88",
    "data": [
      {
        "text": "17ชื่อว่า",
        "userDefined": false
      },
      {
        "text": "อะไร",
        "meta": "@what",
        "alias": "what",
        "userDefined": false
      }
    ],
    "isTemplate": false,
    "count": 0,
    "lang": "th",
    "updated": 0
  },
  {
    "id": "15ce4b23-a107-43b5-a109-f80d63aa8b1e",
    "data": [
      {
        "text": "17ชื่อว่า",
        "userDefined": false
      },
      {
        "text": "อิหยัง",
        "meta": "@what",
        "alias": "what",
        "userDefined": false
      }
    ],
    "isTemplate": false,
    "count": 0,
    "lang": "th",
    "updated": 0
  },
  {
    "id": "1cf89124-04c2-4184-9203-bf744dc8fabe",
    "data": [
      {
        "text": "17",
        "userDefined": false
      },
      {
        "text": "คือ",
        "meta": "@what",
        "alias": "what",
        "userDefined": false
      }
    ],
    "isTemplate": false,
    "count": 0,
    "lang": "th",
    "updated": 0
  },
  {
    "id": "e2c8cc1a-2940-4ef2-ac8c-1771e0e34120",
    "data": [
      {
        "text": "17ชื่อ",
        "userDefined": false
      }
    ],
    "isTemplate": false,
    "count": 0,
    "lang": "th",
    "updated": 0
  },
  {
    "id": "45ad3633-ce9f-4b74-8cbd-093ce61dccd6",
    "data": [
      {
        "text": "17",
        "meta": "@sys.number",
        "alias": "number",
        "userDefined": false
      }
    ],
    "isTemplate": false,
    "count": 0,
    "lang": "th",
    "updated": 0
  }
]