[
  {
    "id": "d06bce78-955b-40d8-a5ea-97137c11f226",
    "data": [
      {
        "text": "11",
        "meta": "@sys.number",
        "alias": "number",
        "userDefined": false
      }
    ],
    "isTemplate": false,
    "count": 1,
    "lang": "th",
    "updated": 0
  },
  {
    "id": "3984d569-a9ee-40c3-b6d7-ef51911514d2",
    "data": [
      {
        "text": "11ชื่อว่า",
        "userDefined": false
      }
    ],
    "isTemplate": false,
    "count": 61,
    "lang": "th",
    "updated": 0
  },
  {
    "id": "a0797343-4e5e-40ea-8c71-a42a5b6c0be9",
    "data": [
      {
        "text": "11ชื่อว่าอะไร",
        "userDefined": false
      }
    ],
    "isTemplate": false,
    "count": 0,
    "lang": "th",
    "updated": 0
  },
  {
    "id": "b3b8e73b-a56f-4348-b414-f8356866d896",
    "data": [
      {
        "text": "11ชื่อว่าอิหยัง",
        "userDefined": false
      }
    ],
    "isTemplate": false,
    "count": 0,
    "lang": "th",
    "updated": 0
  },
  {
    "id": "55ef0b6b-83b2-465d-8cfe-52d2adae76a7",
    "data": [
      {
        "text": "11คือ",
        "userDefined": false
      }
    ],
    "isTemplate": false,
    "count": 0,
    "lang": "th",
    "updated": 0
  },
  {
    "id": "9596916b-e113-4a51-88e8-49986133f512",
    "data": [
      {
        "text": "11ชื่อ",
        "userDefined": false
      }
    ],
    "isTemplate": false,
    "count": 0,
    "lang": "th",
    "updated": 0
  },
  {
    "id": "6ee99641-a3cc-441c-8212-a26f91a11aac",
    "data": [
      {
        "text": "ตึกหมายเลข11คืออาคารอะไร",
        "userDefined": false
      }
    ],
    "isTemplate": false,
    "count": 0,
    "lang": "th",
    "updated": 0
  },
  {
    "id": "cb1f0a2d-0810-478f-bc40-298cabcbd66a",
    "data": [
      {
        "text": "อาคารหมายเลข11คืออาคารอิหยัง",
        "userDefined": false
      }
    ],
    "isTemplate": false,
    "count": 0,
    "lang": "th",
    "updated": 0
  },
  {
    "id": "a119103c-d943-4295-a137-cdbdf6a05ff0",
    "data": [
      {
        "text": "อาคารหมายเลข11คืออิหยัง",
        "userDefined": false
      }
    ],
    "isTemplate": false,
    "count": 0,
    "lang": "th",
    "updated": 0
  },
  {
    "id": "cf3f3894-c3d1-4f9c-9ca8-06724a0bfa41",
    "data": [
      {
        "text": "อาคารหมายเลข11คืออะไร",
        "userDefined": false
      }
    ],
    "isTemplate": false,
    "count": 0,
    "lang": "th",
    "updated": 0
  },
  {
    "id": "ad0f32ed-732b-4f53-8d19-5da8abc2ff95",
    "data": [
      {
        "text": "อาคารหมายเลข11คืออาคาร",
        "userDefined": false
      }
    ],
    "isTemplate": false,
    "count": 0,
    "lang": "th",
    "updated": 0
  },
  {
    "id": "1b73951e-549f-4c91-9d2f-1bffe406310a",
    "data": [
      {
        "text": "อาคารหมายเลข11คือ",
        "userDefined": false
      }
    ],
    "isTemplate": false,
    "count": 0,
    "lang": "th",
    "updated": 0
  },
  {
    "id": "421de37e-d065-484e-a4c5-ea8f1ba36837",
    "data": [
      {
        "text": "อาคารหมายเลข11ชื่อ",
        "userDefined": false
      }
    ],
    "isTemplate": false,
    "count": 0,
    "lang": "th",
    "updated": 0
  },
  {
    "id": "8f09f7d1-b59c-4a0b-af2c-54fa77684657",
    "data": [
      {
        "text": "อาคารหมายเลข11ชื่อว่าอิหยัง",
        "userDefined": false
      }
    ],
    "isTemplate": false,
    "count": 0,
    "lang": "th",
    "updated": 0
  },
  {
    "id": "c72e4efa-110a-4fbd-9b15-a5f5bd95a7c8",
    "data": [
      {
        "text": "อาคารหมายเลข11ชื่อว่าอะไร",
        "userDefined": false
      }
    ],
    "isTemplate": false,
    "count": 0,
    "lang": "th",
    "updated": 0
  },
  {
    "id": "7a796524-1b3e-4697-baff-d055abed3842",
    "data": [
      {
        "text": "อาคารหมายเลข11ชื่ออิหยัง",
        "userDefined": false
      }
    ],
    "isTemplate": false,
    "count": 0,
    "lang": "th",
    "updated": 0
  },
  {
    "id": "d0fca5ae-38ae-4d87-afcd-ab0bd1c8ca63",
    "data": [
      {
        "text": "อาคารหมายเลข11ชื่ออะไร",
        "userDefined": false
      }
    ],
    "isTemplate": false,
    "count": 0,
    "lang": "th",
    "updated": 0
  },
  {
    "id": "b29daeb9-b5a9-4602-9739-68b5173f549b",
    "data": [
      {
        "text": "อาคารหมายเลข11ชื่อว่า",
        "userDefined": false
      }
    ],
    "isTemplate": false,
    "count": 0,
    "lang": "th",
    "updated": 0
  },
  {
    "id": "94533630-6600-497e-8071-811bdd59972c",
    "data": [
      {
        "text": "ชื่ออาคาร11คือ",
        "userDefined": false
      }
    ],
    "isTemplate": false,
    "count": 0,
    "lang": "th",
    "updated": 0
  },
  {
    "id": "68c2dca1-d539-4a17-9179-4d57986fcbe3",
    "data": [
      {
        "text": "ชื่ออาคาร11",
        "userDefined": false
      }
    ],
    "isTemplate": false,
    "count": 0,
    "lang": "th",
    "updated": 0
  },
  {
    "id": "80ffea67-8dc2-4928-b193-6c5f94607ade",
    "data": [
      {
        "text": "ชื่ออาคาร11ชื่ออะไร",
        "userDefined": false
      }
    ],
    "isTemplate": false,
    "count": 0,
    "lang": "th",
    "updated": 0
  },
  {
    "id": "88a20445-7ac3-415f-a4a4-38f445a75200",
    "data": [
      {
        "text": "ชื่ออาคาร11ชื่ออิหยัง",
        "userDefined": false
      }
    ],
    "isTemplate": false,
    "count": 0,
    "lang": "th",
    "updated": 0
  },
  {
    "id": "a1c4e386-715b-4608-a634-b66d0aab2bd8",
    "data": [
      {
        "text": "ชื่ออาคาร11ชื่อว่า",
        "userDefined": false
      }
    ],
    "isTemplate": false,
    "count": 0,
    "lang": "th",
    "updated": 0
  },
  {
    "id": "3a109428-0d22-419f-bf09-117c0d8eec7e",
    "data": [
      {
        "text": "ชื่ออาคาร11มีชื่อว่าอิหยัง",
        "userDefined": false
      }
    ],
    "isTemplate": false,
    "count": 0,
    "lang": "th",
    "updated": 0
  },
  {
    "id": "e346954b-e8a7-4c38-83d9-da566b728562",
    "data": [
      {
        "text": "ชื่ออาคาร11มีชื่อว่าอะไร",
        "userDefined": false
      }
    ],
    "isTemplate": false,
    "count": 0,
    "lang": "th",
    "updated": 0
  },
  {
    "id": "fbf5cc61-a0f5-4f6b-8d39-8631e28bef65",
    "data": [
      {
        "text": "อาคาร11ชื่อ",
        "userDefined": false
      }
    ],
    "isTemplate": false,
    "count": 0,
    "lang": "th",
    "updated": 0
  },
  {
    "id": "f450eff5-a128-42fa-ab1c-07892b3e25c8",
    "data": [
      {
        "text": "อาคาร11มีชื่ออะไร",
        "userDefined": false
      }
    ],
    "isTemplate": false,
    "count": 0,
    "lang": "th",
    "updated": 0
  },
  {
    "id": "77db17a5-bd59-4ad6-96db-28197a87a966",
    "data": [
      {
        "text": "อาคาร11มีชื่ออิหยัง",
        "userDefined": false
      }
    ],
    "isTemplate": false,
    "count": 0,
    "lang": "th",
    "updated": 0
  },
  {
    "id": "1220479b-117a-470c-aedd-322b0cf35a8f",
    "data": [
      {
        "text": "อาคาร11มีชื่อว่าอะไร",
        "userDefined": false
      }
    ],
    "isTemplate": false,
    "count": 0,
    "lang": "th",
    "updated": 0
  },
  {
    "id": "3e4de64c-780b-4df3-9791-9c2e36e8191f",
    "data": [
      {
        "text": "อาคาร11มีชื่อว่าอิหยัง",
        "userDefined": false
      }
    ],
    "isTemplate": false,
    "count": 0,
    "lang": "th",
    "updated": 0
  },
  {
    "id": "0fbfd795-38d9-4f28-9084-b9d1a820f192",
    "data": [
      {
        "text": "อาคาร11ชื่ออะไร",
        "userDefined": false
      }
    ],
    "isTemplate": false,
    "count": 0,
    "lang": "th",
    "updated": 0
  },
  {
    "id": "8c17d3fd-3191-46f1-8cdb-43db602919a4",
    "data": [
      {
        "text": "อาคาร11คือ",
        "userDefined": false
      }
    ],
    "isTemplate": false,
    "count": 0,
    "lang": "th",
    "updated": 0
  },
  {
    "id": "d284243f-4489-46f1-b137-6b0377018b8b",
    "data": [
      {
        "text": "อาคาร11อาคารอะไร",
        "userDefined": false
      }
    ],
    "isTemplate": false,
    "count": 0,
    "lang": "th",
    "updated": 0
  },
  {
    "id": "f1260b8c-2700-486c-9c6b-f83213c1fe63",
    "data": [
      {
        "text": "อาคาร11อาคารอิหยัง",
        "userDefined": false
      }
    ],
    "isTemplate": false,
    "count": 0,
    "lang": "th",
    "updated": 0
  },
  {
    "id": "c880b1d5-023e-49bb-abf0-31ba2905cb8d",
    "data": [
      {
        "text": "อาคารหมายเลข11",
        "userDefined": false
      }
    ],
    "isTemplate": false,
    "count": 0,
    "lang": "th",
    "updated": 0
  },
  {
    "id": "286dc77d-8239-4450-89fc-5503d3aa80a2",
    "data": [
      {
        "text": "อาคารที่11คือ",
        "userDefined": false
      }
    ],
    "isTemplate": false,
    "count": 0,
    "lang": "th",
    "updated": 0
  },
  {
    "id": "8640e1d1-0164-4377-8a1c-9d8ddaab5f88",
    "data": [
      {
        "text": "อาคารที่11ชื่อ",
        "userDefined": false
      }
    ],
    "isTemplate": false,
    "count": 0,
    "lang": "th",
    "updated": 0
  },
  {
    "id": "e5a1976d-c685-4c70-b2e0-9d200c8e20c4",
    "data": [
      {
        "text": "อาคารที่11ชื่อว่าอะไร",
        "userDefined": false
      }
    ],
    "isTemplate": false,
    "count": 0,
    "lang": "th",
    "updated": 0
  },
  {
    "id": "2f279952-269d-4923-9bc8-7d9e1e7839aa",
    "data": [
      {
        "text": "อาคารที่11ชื่อว่า",
        "userDefined": false
      }
    ],
    "isTemplate": false,
    "count": 0,
    "lang": "th",
    "updated": 0
  },
  {
    "id": "125331f3-837a-4f7b-9e03-76227080a61c",
    "data": [
      {
        "text": "ชื่อตึก11คือ",
        "userDefined": false
      }
    ],
    "isTemplate": false,
    "count": 0,
    "lang": "th",
    "updated": 0
  },
  {
    "id": "ad7f5f03-7de2-46a0-a273-ef4ee5cc3bbd",
    "data": [
      {
        "text": "ตึก11ชื่อ",
        "userDefined": false
      }
    ],
    "isTemplate": false,
    "count": 0,
    "lang": "th",
    "updated": 0
  },
  {
    "id": "ed71d530-49c6-47bf-81b5-b1c79aac8427",
    "data": [
      {
        "text": "ตึก11ชื่อว่า",
        "userDefined": false
      }
    ],
    "isTemplate": false,
    "count": 0,
    "lang": "th",
    "updated": 0
  },
  {
    "id": "27adf4c3-00d7-44fb-a2fe-ea5231768623",
    "data": [
      {
        "text": "ตึก11ชื่อว่าอิหยัง",
        "userDefined": false
      }
    ],
    "isTemplate": false,
    "count": 0,
    "lang": "th",
    "updated": 0
  },
  {
    "id": "befb327c-3629-46e4-a905-024745d53b5d",
    "data": [
      {
        "text": "ตึก11ชื่อว่าอะไร",
        "userDefined": false
      }
    ],
    "isTemplate": false,
    "count": 0,
    "lang": "th",
    "updated": 0
  },
  {
    "id": "114a9850-08c2-4271-b945-d2e93425068c",
    "data": [
      {
        "text": "อาคารเรียนที่11ชื่อ",
        "userDefined": false
      }
    ],
    "isTemplate": false,
    "count": 0,
    "lang": "th",
    "updated": 0
  },
  {
    "id": "784accb9-e8c3-456a-bd33-4db9d726845e",
    "data": [
      {
        "text": "ชื่ออาคารเรียน11",
        "userDefined": false
      }
    ],
    "isTemplate": false,
    "count": 0,
    "lang": "th",
    "updated": 0
  },
  {
    "id": "91ce9dff-71ac-4e00-8250-fc8e358649f1",
    "data": [
      {
        "text": "อะไรคือหมายเลข11",
        "userDefined": false
      }
    ],
    "isTemplate": false,
    "count": 0,
    "lang": "th",
    "updated": 0
  },
  {
    "id": "a0932ebf-e802-46a9-ab2b-654502ca1392",
    "data": [
      {
        "text": "อะไรคืออาคาร11",
        "userDefined": false
      }
    ],
    "isTemplate": false,
    "count": 0,
    "lang": "th",
    "updated": 0
  },
  {
    "id": "190d7e15-6b73-4022-8c85-b7e8c301bce8",
    "data": [
      {
        "text": "อาคาร11",
        "meta": "@sys.location",
        "alias": "location",
        "userDefined": false
      }
    ],
    "isTemplate": false,
    "count": 2,
    "lang": "th",
    "updated": 0
  }
]