[
  {
    "id": "0f04ee4e-a337-4688-80cd-5f5ce221cc1b",
    "data": [
      {
        "text": "น่าร๊าก",
        "userDefined": false
      }
    ],
    "isTemplate": false,
    "count": 0,
    "lang": "th",
    "updated": 0
  },
  {
    "id": "57f7bbdb-9d32-4a86-a8d7-9017265e33ed",
    "data": [
      {
        "text": "น่ารัก",
        "userDefined": false
      }
    ],
    "isTemplate": false,
    "count": 0,
    "lang": "th",
    "updated": 0
  },
  {
    "id": "81b1ee2d-ae2b-425a-8b0a-7e33ee9684dd",
    "data": [
      {
        "text": "ชื่อน่ารักจัง",
        "userDefined": false
      }
    ],
    "isTemplate": false,
    "count": 0,
    "lang": "th",
    "updated": 0
  },
  {
    "data": [
      {
        "text": "ว้าว ชื่อน่ารักมากเลย",
        "userDefined": false
      }
    ],
    "isTemplate": false,
    "count": 0,
    "lang": "th",
    "updated": 0
  }
]