[
  {
    "id": "4ba6919e-5c30-4e2c-a34f-c67abd1f973c",
    "data": [
      {
        "text": "ชอบอะไร",
        "userDefined": false
      }
    ],
    "isTemplate": false,
    "count": 0,
    "lang": "th",
    "updated": 0
  },
  {
    "id": "d28b7d50-13c1-4d01-ae0d-85e9ec35f150",
    "data": [
      {
        "text": "ชอบกินอะไร",
        "userDefined": false
      }
    ],
    "isTemplate": false,
    "count": 0,
    "lang": "th",
    "updated": 0
  },
  {
    "data": [
      {
        "text": "ชอบอ่ะไร",
        "userDefined": false
      }
    ],
    "isTemplate": false,
    "count": 0,
    "lang": "th",
    "updated": 0
  }
]