[
  {
    "id": "2a8bc252-08c4-4ab8-a3b5-1a48ae23e983",
    "data": [
      {
        "text": "ความสูง",
        "userDefined": false
      }
    ],
    "isTemplate": false,
    "count": 0,
    "lang": "th",
    "updated": 0
  },
  {
    "id": "411c4d44-ce68-4de1-b397-93fc8661f698",
    "data": [
      {
        "text": "ส่วนสูง",
        "meta": "@sys.last-name",
        "alias": "last-name",
        "userDefined": false
      }
    ],
    "isTemplate": false,
    "count": 0,
    "lang": "th",
    "updated": 0
  },
  {
    "id": "5934be47-7395-4046-80d4-54162d836fed",
    "data": [
      {
        "text": "สูงเท่าไหร่",
        "userDefined": false
      }
    ],
    "isTemplate": false,
    "count": 0,
    "lang": "th",
    "updated": 0
  }
]