[
  {
    "id": "23762fdd-2a8c-416b-aee0-9590fa8ea60e",
    "data": [
      {
        "text": "ถ้าต้องการเดินทางไปอาคาร21",
        "userDefined": false
      }
    ],
    "isTemplate": false,
    "count": 0,
    "lang": "th",
    "updated": 0
  },
  {
    "id": "542d4955-85cb-474d-9fe0-cfa6b5889f39",
    "data": [
      {
        "text": "แนะนำเส้นทางใดสำหรับการเดินทางไป อาคาร21",
        "userDefined": false
      }
    ],
    "isTemplate": false,
    "count": 0,
    "lang": "th",
    "updated": 0
  },
  {
    "id": "265d27df-96e8-45e1-9c2c-cac767d03289",
    "data": [
      {
        "text": "มีทางไปอาคาร21ทางใดบ้าง",
        "userDefined": false
      }
    ],
    "isTemplate": false,
    "count": 0,
    "lang": "th",
    "updated": 0
  },
  {
    "id": "8405e570-9794-4e3d-af68-feddd25edddf",
    "data": [
      {
        "text": "อาคาร21อยู่ตรงของมหาลัย",
        "userDefined": false
      }
    ],
    "isTemplate": false,
    "count": 0,
    "lang": "th",
    "updated": 0
  },
  {
    "id": "ab407c1e-c0c3-453a-b126-5d68c86ded9f",
    "data": [
      {
        "text": "มีเส้นทาง",
        "userDefined": false
      },
      {
        "text": "อะไร",
        "meta": "@what",
        "alias": "what",
        "userDefined": false
      },
      {
        "text": "ที่ใช้ไปอาคาร21",
        "userDefined": false
      }
    ],
    "isTemplate": false,
    "count": 0,
    "lang": "th",
    "updated": 0
  },
  {
    "id": "b1750462-0f3a-4077-bebe-6ab73b77858a",
    "data": [
      {
        "text": "ไปยังไงอาคาร21",
        "userDefined": false
      }
    ],
    "isTemplate": false,
    "count": 0,
    "lang": "th",
    "updated": 0
  },
  {
    "id": "a3cbc310-7d3e-442e-a3f6-eb30d741c933",
    "data": [
      {
        "text": "ไปยังไงตึก21",
        "userDefined": false
      }
    ],
    "isTemplate": false,
    "count": 0,
    "lang": "th",
    "updated": 0
  },
  {
    "id": "fc3d3dc4-9f1b-450e-9eea-db3b412f942a",
    "data": [
      {
        "text": "ไปยังไง21",
        "userDefined": false
      }
    ],
    "isTemplate": false,
    "count": 0,
    "lang": "th",
    "updated": 0
  },
  {
    "id": "c9d661fa-63c4-426f-8450-f86b0f30aa1f",
    "data": [
      {
        "text": "ไปยังไงอาคารที่21",
        "userDefined": false
      }
    ],
    "isTemplate": false,
    "count": 0,
    "lang": "th",
    "updated": 0
  },
  {
    "id": "f5dd9d68-106b-4680-aaf0-d33ae1133d6b",
    "data": [
      {
        "text": "ไปยังไงอาคารเลขที่21",
        "userDefined": false
      }
    ],
    "isTemplate": false,
    "count": 0,
    "lang": "th",
    "updated": 0
  },
  {
    "id": "05935f0f-a007-4453-a302-0b3749c45d93",
    "data": [
      {
        "text": "อยากได้แผนที่อาคาร21",
        "userDefined": false
      }
    ],
    "isTemplate": false,
    "count": 0,
    "lang": "th",
    "updated": 0
  },
  {
    "id": "f408e907-557f-4470-a6a2-59b4c05d9f50",
    "data": [
      {
        "text": "อยากไปอาคารหมายเลขที่21",
        "userDefined": false
      }
    ],
    "isTemplate": false,
    "count": 0,
    "lang": "th",
    "updated": 0
  },
  {
    "id": "f8e38484-ecf0-497d-91c9-5a985379e560",
    "data": [
      {
        "text": "ตั้งอยู่ไหนอาคาร21",
        "userDefined": false
      }
    ],
    "isTemplate": false,
    "count": 0,
    "lang": "th",
    "updated": 0
  },
  {
    "id": "fa65cc8e-cc3c-43a8-a2e8-9ca99bf868f3",
    "data": [
      {
        "text": "อยู่ตรงไหนอาคาร21",
        "userDefined": false
      }
    ],
    "isTemplate": false,
    "count": 0,
    "lang": "th",
    "updated": 0
  },
  {
    "id": "9bf005cf-9056-4f73-8d83-1f8fc5b4b939",
    "data": [
      {
        "text": "อาคาร21อยู่ไส",
        "userDefined": false
      }
    ],
    "isTemplate": false,
    "count": 0,
    "lang": "th",
    "updated": 0
  },
  {
    "id": "a0dd4b13-03f5-41bf-b04b-4a64c348db60",
    "data": [
      {
        "text": "อาคาร21ไปจั่งไส",
        "userDefined": false
      }
    ],
    "isTemplate": false,
    "count": 0,
    "lang": "th",
    "updated": 0
  },
  {
    "id": "19050f5e-7ba4-4e85-80bc-3c24edf4b02c",
    "data": [
      {
        "text": "ไปจั่งไสอาคาร21",
        "userDefined": false
      }
    ],
    "isTemplate": false,
    "count": 0,
    "lang": "th",
    "updated": 0
  },
  {
    "id": "cb15983c-9564-4048-b12b-3dbe3f5f1e99",
    "data": [
      {
        "text": "อาคาร21ไปทางได๋",
        "userDefined": false
      }
    ],
    "isTemplate": false,
    "count": 0,
    "lang": "th",
    "updated": 0
  },
  {
    "id": "35e0dace-5dd1-4d3e-a348-038ac91ecdf4",
    "data": [
      {
        "text": "วิธีไปอาคาร21",
        "userDefined": false
      }
    ],
    "isTemplate": false,
    "count": 0,
    "lang": "th",
    "updated": 0
  },
  {
    "id": "ca5e30f6-84b5-47b2-af2a-cb7d7a7962fa",
    "data": [
      {
        "text": "มีทางไปอาคาร21ไหม",
        "userDefined": false
      }
    ],
    "isTemplate": false,
    "count": 0,
    "lang": "th",
    "updated": 0
  },
  {
    "id": "47d1e3fd-7415-4082-86fd-16735becd8dc",
    "data": [
      {
        "text": "ถ้าจะไปอาคาร21ไปทางไหน",
        "userDefined": false
      }
    ],
    "isTemplate": false,
    "count": 0,
    "lang": "th",
    "updated": 0
  },
  {
    "id": "8bdcbfbf-bff5-4458-a201-ccce57c65206",
    "data": [
      {
        "text": "มีเส้นทางทางใดที่จะไปอาคาร21",
        "userDefined": false
      }
    ],
    "isTemplate": false,
    "count": 0,
    "lang": "th",
    "updated": 0
  },
  {
    "id": "60ba4600-a534-4307-987b-5e96265a43b7",
    "data": [
      {
        "text": "ควรใช้ทางไหนเพื่อไปอาคาร21",
        "userDefined": false
      }
    ],
    "isTemplate": false,
    "count": 0,
    "lang": "th",
    "updated": 0
  },
  {
    "id": "a0167717-4b4a-4dbd-aec0-ab2bf4f3e6e2",
    "data": [
      {
        "text": "แนะนำเส้นทางไปอาคาร21หน่อย",
        "userDefined": false
      }
    ],
    "isTemplate": false,
    "count": 0,
    "lang": "th",
    "updated": 0
  },
  {
    "id": "344d82f2-37bd-4a00-9c71-8c299c046876",
    "data": [
      {
        "text": "เส้นทางไปยังอาคาร21",
        "userDefined": false
      }
    ],
    "isTemplate": false,
    "count": 0,
    "lang": "th",
    "updated": 0
  },
  {
    "id": "a50f7c14-4193-4882-9c1c-8f2625e817b1",
    "data": [
      {
        "text": "ขอตำแหน่งอาคาร21",
        "userDefined": false
      }
    ],
    "isTemplate": false,
    "count": 0,
    "lang": "th",
    "updated": 0
  },
  {
    "id": "544ae48e-b47d-488e-b6fa-6125c687b7b7",
    "data": [
      {
        "text": "ที่ตั้ง.อาคาร21",
        "userDefined": false
      }
    ],
    "isTemplate": false,
    "count": 0,
    "lang": "th",
    "updated": 0
  },
  {
    "id": "2ab21bdc-8934-4732-838d-4c0e59950be2",
    "data": [
      {
        "text": "จะไปยังอาคาร21ได้ยังไง",
        "userDefined": false
      }
    ],
    "isTemplate": false,
    "count": 0,
    "lang": "th",
    "updated": 0
  },
  {
    "id": "e56c1f53-e79c-4607-a353-dde23f65fda6",
    "data": [
      {
        "text": "อาคาร21อยู่ตรงไหน",
        "userDefined": false
      }
    ],
    "isTemplate": false,
    "count": 0,
    "lang": "th",
    "updated": 0
  },
  {
    "id": "89f44853-51f1-4a1a-be43-e7b7b0710bb6",
    "data": [
      {
        "text": "ขอเส้นทางไปอาคาร21",
        "userDefined": false
      }
    ],
    "isTemplate": false,
    "count": 0,
    "lang": "th",
    "updated": 0
  },
  {
    "id": "92b69b97-d4dc-42a7-a2fd-b35a60af9779",
    "data": [
      {
        "text": "อาคาร21อยู่ที่ไหน",
        "userDefined": false
      }
    ],
    "isTemplate": false,
    "count": 0,
    "lang": "th",
    "updated": 0
  },
  {
    "id": "3c7cf1ba-8c8c-419f-9c2b-0b711cf7a169",
    "data": [
      {
        "text": "อยากไปอาคาร21",
        "userDefined": false
      }
    ],
    "isTemplate": false,
    "count": 0,
    "lang": "th",
    "updated": 0
  },
  {
    "id": "39dfde8a-cc15-41ec-a74b-924707149adc",
    "data": [
      {
        "text": "ไปอาคาร21",
        "userDefined": false
      }
    ],
    "isTemplate": false,
    "count": 0,
    "lang": "th",
    "updated": 0
  },
  {
    "id": "387f95c4-891c-48b1-ad39-73982dff687f",
    "data": [
      {
        "text": "ทางไปอาคาร21",
        "userDefined": false
      }
    ],
    "isTemplate": false,
    "count": 0,
    "lang": "th",
    "updated": 0
  },
  {
    "id": "cf5fa80a-591d-4750-b358-93e5e0ea5115",
    "data": [
      {
        "text": "ทางไปอาคารปฏิบัติการด้านทรัพยากรสิ่งแวดล้อม",
        "userDefined": false
      }
    ],
    "isTemplate": false,
    "count": 0,
    "lang": "th",
    "updated": 0
  }
]