[
  {
    "id": "784bbb0d-701c-4649-ab49-15ab3c070018",
    "data": [
      {
        "text": "ถ้าต้องการเดินทางไปอาคาร22",
        "userDefined": false
      }
    ],
    "isTemplate": false,
    "count": 0,
    "lang": "th",
    "updated": 0
  },
  {
    "id": "cfb3c999-b66f-4859-a3a0-61a6546b9a94",
    "data": [
      {
        "text": "แนะนำเส้นทางใดสำหรับการเดินทางไป อาคาร22",
        "userDefined": false
      }
    ],
    "isTemplate": false,
    "count": 0,
    "lang": "th",
    "updated": 0
  },
  {
    "id": "1d3957cd-1c64-4f96-8472-bc2c6bf3d1f5",
    "data": [
      {
        "text": "มีทางไปอาคาร22ทางใดบ้าง",
        "userDefined": false
      }
    ],
    "isTemplate": false,
    "count": 0,
    "lang": "th",
    "updated": 0
  },
  {
    "id": "2e424dbb-8ba1-43e0-979d-45aaf4ec6e2a",
    "data": [
      {
        "text": "อาคาร22อยู่ตรงของมหาลัย",
        "userDefined": false
      }
    ],
    "isTemplate": false,
    "count": 0,
    "lang": "th",
    "updated": 0
  },
  {
    "id": "da7c1d16-5e4b-4e58-b4e5-7d71f91168dc",
    "data": [
      {
        "text": "มีเส้นทาง",
        "userDefined": false
      },
      {
        "text": "อะไร",
        "meta": "@what",
        "alias": "what",
        "userDefined": false
      },
      {
        "text": "ที่ใช้ไปอาคาร22",
        "userDefined": false
      }
    ],
    "isTemplate": false,
    "count": 0,
    "lang": "th",
    "updated": 0
  },
  {
    "id": "3372782d-7ad6-4d3e-833e-477ddbc351dc",
    "data": [
      {
        "text": "ไปยังไงอาคาร22",
        "userDefined": false
      }
    ],
    "isTemplate": false,
    "count": 0,
    "lang": "th",
    "updated": 0
  },
  {
    "id": "62046cc2-1ccc-496c-8f2f-568a8ba54a5c",
    "data": [
      {
        "text": "ไปยังไงตึก22",
        "userDefined": false
      }
    ],
    "isTemplate": false,
    "count": 0,
    "lang": "th",
    "updated": 0
  },
  {
    "id": "ab7c1ac0-e635-4d10-9019-a3abd622fe0b",
    "data": [
      {
        "text": "ไปยังไง22",
        "userDefined": false
      }
    ],
    "isTemplate": false,
    "count": 0,
    "lang": "th",
    "updated": 0
  },
  {
    "id": "823d6a5a-1a2a-4f8d-b4cd-edfbf850aae9",
    "data": [
      {
        "text": "ไปยังไงอาคารที่22",
        "userDefined": false
      }
    ],
    "isTemplate": false,
    "count": 0,
    "lang": "th",
    "updated": 0
  },
  {
    "id": "2e69f631-b40b-4136-932c-f9c9e22c2f7a",
    "data": [
      {
        "text": "ไปยังไงอาคารเลขที่22",
        "userDefined": false
      }
    ],
    "isTemplate": false,
    "count": 0,
    "lang": "th",
    "updated": 0
  },
  {
    "id": "af3f58f7-6256-4a1a-8266-cb5f1125db9d",
    "data": [
      {
        "text": "อยากได้แผนที่อาคาร22",
        "userDefined": false
      }
    ],
    "isTemplate": false,
    "count": 0,
    "lang": "th",
    "updated": 0
  },
  {
    "id": "e1182dbf-d979-4f78-93b1-665ef41d43ab",
    "data": [
      {
        "text": "อยากไปอาคารหมายเลขที่22",
        "userDefined": false
      }
    ],
    "isTemplate": false,
    "count": 0,
    "lang": "th",
    "updated": 0
  },
  {
    "id": "4cb6988d-0bee-4140-828c-46616ef9731a",
    "data": [
      {
        "text": "ตั้งอยู่ไหนอาคาร22",
        "userDefined": false
      }
    ],
    "isTemplate": false,
    "count": 0,
    "lang": "th",
    "updated": 0
  },
  {
    "id": "7efe77f0-c2b0-41d5-a51e-d778c21031b6",
    "data": [
      {
        "text": "อยู่ตรงไหนอาคาร22",
        "userDefined": false
      }
    ],
    "isTemplate": false,
    "count": 0,
    "lang": "th",
    "updated": 0
  },
  {
    "id": "2c930341-2297-4b7d-bfe4-231cd49302a7",
    "data": [
      {
        "text": "อาคาร22อยู่ไส",
        "userDefined": false
      }
    ],
    "isTemplate": false,
    "count": 0,
    "lang": "th",
    "updated": 0
  },
  {
    "id": "6ea0f4f1-8941-48bc-8da6-b9b0d9e3b153",
    "data": [
      {
        "text": "อาคาร22ไปจั่งไส",
        "userDefined": false
      }
    ],
    "isTemplate": false,
    "count": 0,
    "lang": "th",
    "updated": 0
  },
  {
    "id": "c6b09442-5bb6-4b7d-8352-0a6f7a4bfad3",
    "data": [
      {
        "text": "ไปจั่งไสอาคาร22",
        "userDefined": false
      }
    ],
    "isTemplate": false,
    "count": 0,
    "lang": "th",
    "updated": 0
  },
  {
    "id": "c9b76c13-0369-40ae-a23b-676ac8682c40",
    "data": [
      {
        "text": "อาคาร22ไปทางได๋",
        "userDefined": false
      }
    ],
    "isTemplate": false,
    "count": 0,
    "lang": "th",
    "updated": 0
  },
  {
    "id": "039ea226-46c2-4f82-b32e-b507f0a86af9",
    "data": [
      {
        "text": "วิธีไปอาคาร22",
        "userDefined": false
      }
    ],
    "isTemplate": false,
    "count": 0,
    "lang": "th",
    "updated": 0
  },
  {
    "id": "81a042bf-d0ed-40bf-9636-5c2dc225bc4a",
    "data": [
      {
        "text": "มีทางไปอาคาร22ไหม",
        "userDefined": false
      }
    ],
    "isTemplate": false,
    "count": 0,
    "lang": "th",
    "updated": 0
  },
  {
    "id": "51b77a8d-8a96-40e1-9a27-43e5d77fe49e",
    "data": [
      {
        "text": "ถ้าจะไปอาคาร22ไปทางไหน",
        "userDefined": false
      }
    ],
    "isTemplate": false,
    "count": 0,
    "lang": "th",
    "updated": 0
  },
  {
    "id": "dff238e3-6fba-4cbd-9bc5-ae61ad6740ac",
    "data": [
      {
        "text": "มีเส้นทางทางใดที่จะไปอาคาร22",
        "userDefined": false
      }
    ],
    "isTemplate": false,
    "count": 0,
    "lang": "th",
    "updated": 0
  },
  {
    "id": "a7d5a97a-ec12-4100-a921-a6b1b8831691",
    "data": [
      {
        "text": "ควรใช้ทางไหนเพื่อไปอาคาร22",
        "userDefined": false
      }
    ],
    "isTemplate": false,
    "count": 0,
    "lang": "th",
    "updated": 0
  },
  {
    "id": "6819c5bc-a0c1-4b9b-bc2e-806599cf6a77",
    "data": [
      {
        "text": "แนะนำเส้นทางไปอาคาร22หน่อย",
        "userDefined": false
      }
    ],
    "isTemplate": false,
    "count": 0,
    "lang": "th",
    "updated": 0
  },
  {
    "id": "793592cd-7a48-4a54-94c8-0c315f36a4a5",
    "data": [
      {
        "text": "เส้นทางไปยังอาคาร22",
        "userDefined": false
      }
    ],
    "isTemplate": false,
    "count": 0,
    "lang": "th",
    "updated": 0
  },
  {
    "id": "97d53971-02c7-48e3-a24e-099d75d751ef",
    "data": [
      {
        "text": "ขอตำแหน่งอาคาร22",
        "userDefined": false
      }
    ],
    "isTemplate": false,
    "count": 0,
    "lang": "th",
    "updated": 0
  },
  {
    "id": "f27d42bf-cb3d-434c-b9be-1446fcf7a175",
    "data": [
      {
        "text": "ที่ตั้ง.อาคาร22",
        "meta": "@sys.location",
        "alias": "location",
        "userDefined": false
      }
    ],
    "isTemplate": false,
    "count": 0,
    "lang": "th",
    "updated": 0
  },
  {
    "id": "b9b9ca7b-6c63-4105-906e-694900e3be33",
    "data": [
      {
        "text": "จะไปยังอาคาร22ได้ยังไง",
        "userDefined": false
      }
    ],
    "isTemplate": false,
    "count": 0,
    "lang": "th",
    "updated": 0
  },
  {
    "id": "4a38d594-6553-4f21-903c-ba98d6e2637e",
    "data": [
      {
        "text": "อาคาร22อยู่ตรงไหน",
        "userDefined": false
      }
    ],
    "isTemplate": false,
    "count": 0,
    "lang": "th",
    "updated": 0
  },
  {
    "id": "d20ad900-789c-4482-94c9-d4bf3ff9d35e",
    "data": [
      {
        "text": "ขอเส้นทางไปอาคาร22",
        "userDefined": false
      }
    ],
    "isTemplate": false,
    "count": 0,
    "lang": "th",
    "updated": 0
  },
  {
    "id": "05789758-2144-496d-988b-0be3beb74739",
    "data": [
      {
        "text": "อาคาร22อยู่ที่ไหน",
        "userDefined": false
      }
    ],
    "isTemplate": false,
    "count": 0,
    "lang": "th",
    "updated": 0
  },
  {
    "id": "0adc9724-7027-4d0f-88ad-dda665362deb",
    "data": [
      {
        "text": "อยากไปอาคาร22",
        "userDefined": false
      }
    ],
    "isTemplate": false,
    "count": 0,
    "lang": "th",
    "updated": 0
  },
  {
    "id": "72934303-ba1c-4ed2-84f9-085b34aa4086",
    "data": [
      {
        "text": "ไปอาคาร22",
        "userDefined": false
      }
    ],
    "isTemplate": false,
    "count": 0,
    "lang": "th",
    "updated": 0
  },
  {
    "id": "334b2b1b-e461-4bff-9731-cf3caf338210",
    "data": [
      {
        "text": "ทางไปอาคาร22",
        "userDefined": false
      }
    ],
    "isTemplate": false,
    "count": 0,
    "lang": "th",
    "updated": 0
  },
  {
    "id": "b046cbeb-be3e-489f-b700-47026ba71de2",
    "data": [
      {
        "text": "ทางไปอาคารปฏิบัติการและวิจัยทางวิทยาศาสตร์",
        "userDefined": false
      }
    ],
    "isTemplate": false,
    "count": 0,
    "lang": "th",
    "updated": 0
  }
]