[
  {
    "id": "575c600b-66ed-40b2-bcd2-cbbe7ac2db1b",
    "data": [
      {
        "text": "ถ้าต้องการเดินทางไปอาคาร18",
        "userDefined": false
      }
    ],
    "isTemplate": false,
    "count": 0,
    "lang": "th",
    "updated": 0
  },
  {
    "id": "81a90bed-c04b-4a9d-a2ba-3fc2b9b1b762",
    "data": [
      {
        "text": "แนะนำเส้นทางใดสำหรับการเดินทางไป อาคาร18",
        "userDefined": false
      }
    ],
    "isTemplate": false,
    "count": 0,
    "lang": "th",
    "updated": 0
  },
  {
    "id": "1fe96e1e-372b-4e1b-8aa9-900785ce585d",
    "data": [
      {
        "text": "มีทางไปอาคาร18ทางใดบ้าง",
        "userDefined": false
      }
    ],
    "isTemplate": false,
    "count": 0,
    "lang": "th",
    "updated": 0
  },
  {
    "id": "6a428012-cd7a-4e0b-8034-ddc5c0a0672a",
    "data": [
      {
        "text": "อาคาร18อยู่ตรงของมหาลัย",
        "userDefined": false
      }
    ],
    "isTemplate": false,
    "count": 0,
    "lang": "th",
    "updated": 0
  },
  {
    "id": "907f74cb-955b-4891-9d7a-af3d6e9e783e",
    "data": [
      {
        "text": "มีเส้นทาง",
        "userDefined": false
      },
      {
        "text": "อะไร",
        "meta": "@what",
        "alias": "what",
        "userDefined": false
      },
      {
        "text": "ที่ใช้ไปอาคาร18",
        "userDefined": false
      }
    ],
    "isTemplate": false,
    "count": 0,
    "lang": "th",
    "updated": 0
  },
  {
    "id": "15a664c9-2452-42ab-9209-8cb75dbda223",
    "data": [
      {
        "text": "ไปยังไงอาคาร18",
        "userDefined": false
      }
    ],
    "isTemplate": false,
    "count": 0,
    "lang": "th",
    "updated": 0
  },
  {
    "id": "db0a3114-72da-4b1f-a38e-3375997156dd",
    "data": [
      {
        "text": "ไปยังไงตึก18",
        "userDefined": false
      }
    ],
    "isTemplate": false,
    "count": 0,
    "lang": "th",
    "updated": 0
  },
  {
    "id": "369b8d49-e328-400b-81e4-03c447e10730",
    "data": [
      {
        "text": "ไปยังไง18",
        "userDefined": false
      }
    ],
    "isTemplate": false,
    "count": 0,
    "lang": "th",
    "updated": 0
  },
  {
    "id": "1b48bf5d-7d0a-47e5-821b-2f02d7d1aec1",
    "data": [
      {
        "text": "ไปยังไงอาคารที่18",
        "userDefined": false
      }
    ],
    "isTemplate": false,
    "count": 0,
    "lang": "th",
    "updated": 0
  },
  {
    "id": "f1bb467e-c4d9-4b76-be5e-656e71a21560",
    "data": [
      {
        "text": "ไปยังไงอาคารเลขที่18",
        "userDefined": false
      }
    ],
    "isTemplate": false,
    "count": 0,
    "lang": "th",
    "updated": 0
  },
  {
    "id": "7ec7f772-5cd7-4bd0-8664-1d3e3f967d89",
    "data": [
      {
        "text": "อยากได้แผนที่อาคาร18",
        "userDefined": false
      }
    ],
    "isTemplate": false,
    "count": 0,
    "lang": "th",
    "updated": 0
  },
  {
    "id": "49d0567e-a38e-46b5-979f-26485ed7a691",
    "data": [
      {
        "text": "อยากไปอาคารหมายเลขที่18",
        "userDefined": false
      }
    ],
    "isTemplate": false,
    "count": 0,
    "lang": "th",
    "updated": 0
  },
  {
    "id": "99d1c045-9f38-42be-9637-3edf735501a0",
    "data": [
      {
        "text": "ตั้งอยู่ไหนอาคาร18",
        "userDefined": false
      }
    ],
    "isTemplate": false,
    "count": 1,
    "lang": "th",
    "updated": 0
  },
  {
    "id": "b31cfafa-8d6e-4e07-a2cd-3eddd3569a4f",
    "data": [
      {
        "text": "อยู่ตรงไหนอาคาร18",
        "userDefined": false
      }
    ],
    "isTemplate": false,
    "count": 0,
    "lang": "th",
    "updated": 0
  },
  {
    "id": "f8a7195f-4021-4e8a-b1d1-168b5d1b9b37",
    "data": [
      {
        "text": "อาคาร18อยู่ไส",
        "userDefined": false
      }
    ],
    "isTemplate": false,
    "count": 0,
    "lang": "th",
    "updated": 0
  },
  {
    "id": "b2c18ca4-905e-4cb4-a8db-eaecb044e8f4",
    "data": [
      {
        "text": "อาคาร18ไปจั่งไส",
        "userDefined": false
      }
    ],
    "isTemplate": false,
    "count": 0,
    "lang": "th",
    "updated": 0
  },
  {
    "id": "7159c040-7402-4290-982e-1c1185c36373",
    "data": [
      {
        "text": "ไปจั่งไสอาคาร18",
        "userDefined": false
      }
    ],
    "isTemplate": false,
    "count": 1,
    "lang": "th",
    "updated": 0
  },
  {
    "id": "b163f8a3-09dd-4dea-a453-28bd4f7b68eb",
    "data": [
      {
        "text": "อาคาร18ไปทางได๋",
        "userDefined": false
      }
    ],
    "isTemplate": false,
    "count": 0,
    "lang": "th",
    "updated": 0
  },
  {
    "id": "06fd2c74-53fc-4f30-8e80-a8fa6853bfaf",
    "data": [
      {
        "text": "วิธีไปอาคาร18",
        "userDefined": false
      }
    ],
    "isTemplate": false,
    "count": 0,
    "lang": "th",
    "updated": 0
  },
  {
    "id": "e0962d5e-ee82-4df4-9dbe-bbbfcf5b70ef",
    "data": [
      {
        "text": "มีทางไปอาคาร18ไหม",
        "userDefined": false
      }
    ],
    "isTemplate": false,
    "count": 0,
    "lang": "th",
    "updated": 0
  },
  {
    "id": "923c8a47-315a-4982-a84c-b93eab037fd0",
    "data": [
      {
        "text": "ถ้าจะไปอาคาร18ไปทางไหน",
        "userDefined": false
      }
    ],
    "isTemplate": false,
    "count": 0,
    "lang": "th",
    "updated": 0
  },
  {
    "id": "aef7101a-9ca7-44ba-bf3f-1eead7f0fda1",
    "data": [
      {
        "text": "มีเส้นทางทางใดที่จะไปอาคาร18",
        "userDefined": false
      }
    ],
    "isTemplate": false,
    "count": 0,
    "lang": "th",
    "updated": 0
  },
  {
    "id": "c4a72531-9684-4245-8259-6d7ec20445fc",
    "data": [
      {
        "text": "ควรใช้ทางไหนเพื่อไปอาคาร18",
        "userDefined": false
      }
    ],
    "isTemplate": false,
    "count": 0,
    "lang": "th",
    "updated": 0
  },
  {
    "id": "5d3b874d-74af-4d42-b7a6-a76074ae48ca",
    "data": [
      {
        "text": "แนะนำเส้นทางไปอาคาร18หน่อย",
        "userDefined": false
      }
    ],
    "isTemplate": false,
    "count": 0,
    "lang": "th",
    "updated": 0
  },
  {
    "id": "d5ad625b-01c4-4609-a11a-fd3d4b51a233",
    "data": [
      {
        "text": "อาคาร18อยู่ตรงไหน",
        "userDefined": false
      }
    ],
    "isTemplate": false,
    "count": 0,
    "lang": "th",
    "updated": 0
  },
  {
    "id": "7e0dbe31-52bc-4484-9e22-f00cde902397",
    "data": [
      {
        "text": "ขอเส้นทางไปอาคาร18",
        "userDefined": false
      }
    ],
    "isTemplate": false,
    "count": 0,
    "lang": "th",
    "updated": 0
  },
  {
    "id": "3716d2d0-0b8f-47a9-873f-1c5a9813bfde",
    "data": [
      {
        "text": "เส้นทางไปยังอาคาร18",
        "userDefined": false
      }
    ],
    "isTemplate": false,
    "count": 0,
    "lang": "th",
    "updated": 0
  },
  {
    "id": "360c53cd-b1c0-46cf-98bc-f50ed85cd840",
    "data": [
      {
        "text": "ขอตำแหน่งอาคาร18",
        "userDefined": false
      }
    ],
    "isTemplate": false,
    "count": 0,
    "lang": "th",
    "updated": 0
  },
  {
    "id": "3238fc63-18bf-4f4e-ab57-8f14723b92de",
    "data": [
      {
        "text": "ที่ตั้ง.อาคาร18",
        "meta": "@sys.location",
        "alias": "location",
        "userDefined": false
      }
    ],
    "isTemplate": false,
    "count": 0,
    "lang": "th",
    "updated": 0
  },
  {
    "id": "3cce1a2e-d882-4b49-ba2b-1e99fdcf9b3d",
    "data": [
      {
        "text": "จะไปยังอาคาร18ได้ยังไง",
        "userDefined": false
      }
    ],
    "isTemplate": false,
    "count": 0,
    "lang": "th",
    "updated": 0
  },
  {
    "id": "fb70ad12-4c14-4e79-88b6-31a16fb32ec3",
    "data": [
      {
        "text": "อาคาร18อยู่ที่ไหน",
        "userDefined": false
      }
    ],
    "isTemplate": false,
    "count": 0,
    "lang": "th",
    "updated": 0
  },
  {
    "id": "43dc6e23-5779-41d4-bdb9-0cee6eceee66",
    "data": [
      {
        "text": "อยากไปอาคาร18",
        "userDefined": false
      }
    ],
    "isTemplate": false,
    "count": 0,
    "lang": "th",
    "updated": 0
  },
  {
    "id": "9e773690-ec49-449a-9a9e-075db6de495a",
    "data": [
      {
        "text": "ไปอาคาร18",
        "userDefined": false
      }
    ],
    "isTemplate": false,
    "count": 0,
    "lang": "th",
    "updated": 0
  },
  {
    "id": "f7764602-238b-4bc2-96c7-2fe4eaf362d8",
    "data": [
      {
        "text": "ทางไปอาคาร18",
        "userDefined": false
      }
    ],
    "isTemplate": false,
    "count": 0,
    "lang": "th",
    "updated": 0
  },
  {
    "id": "18568a7f-33de-4407-96bd-14cfd29fccad",
    "data": [
      {
        "text": "ทางไปหอพักนิสิตหญิงตาลฟ้า",
        "userDefined": false
      }
    ],
    "isTemplate": false,
    "count": 0,
    "lang": "th",
    "updated": 0
  }
]