[
  {
    "id": "c4bc83e4-a70c-4f48-a93d-c838969899d7",
    "data": [
      {
        "text": "ถ้าต้องการเดินทางไปอาคาร8",
        "userDefined": false
      }
    ],
    "isTemplate": false,
    "count": 0,
    "lang": "th",
    "updated": 0
  },
  {
    "id": "463a0898-1717-4024-becb-394ff7d72f3e",
    "data": [
      {
        "text": "แนะนำเส้นทางใดสำหรับการเดินทางไป อาคาร8",
        "userDefined": false
      }
    ],
    "isTemplate": false,
    "count": 0,
    "lang": "th",
    "updated": 0
  },
  {
    "id": "aac1ccad-c18a-45c9-8edb-7a6cdfb242b6",
    "data": [
      {
        "text": "มีทางไปอาคาร8ทางใดบ้าง",
        "userDefined": false
      }
    ],
    "isTemplate": false,
    "count": 0,
    "lang": "th",
    "updated": 0
  },
  {
    "id": "51f5fa2e-a929-416a-8c11-01dcaeb0f104",
    "data": [
      {
        "text": "อาคาร8อยู่ตรงของมหาลัย",
        "userDefined": false
      }
    ],
    "isTemplate": false,
    "count": 0,
    "lang": "th",
    "updated": 0
  },
  {
    "id": "14e4ac36-6800-4b12-b210-696fe193809c",
    "data": [
      {
        "text": "มีเส้นทาง",
        "userDefined": false
      },
      {
        "text": "อะไร",
        "meta": "@what",
        "alias": "what",
        "userDefined": false
      },
      {
        "text": "ที่ใช้ไปอาคาร8",
        "userDefined": false
      }
    ],
    "isTemplate": false,
    "count": 0,
    "lang": "th",
    "updated": 0
  },
  {
    "id": "f95bb84e-f198-43ad-9d24-38b153f85924",
    "data": [
      {
        "text": "ไปยังไงอาคาร8",
        "userDefined": false
      }
    ],
    "isTemplate": false,
    "count": 0,
    "lang": "th",
    "updated": 0
  },
  {
    "id": "292b076a-9ac6-4adf-85d3-944cd9ca6352",
    "data": [
      {
        "text": "ไปยังไงตึก8",
        "userDefined": false
      }
    ],
    "isTemplate": false,
    "count": 0,
    "lang": "th",
    "updated": 0
  },
  {
    "id": "2f77dbef-b1b9-4cbd-b494-17a5aec9dfbb",
    "data": [
      {
        "text": "ไปยังไง8",
        "userDefined": false
      }
    ],
    "isTemplate": false,
    "count": 0,
    "lang": "th",
    "updated": 0
  },
  {
    "id": "36a853ed-cc2e-4e71-b2ff-8055cf389eae",
    "data": [
      {
        "text": "ไปยังไงอาคารที่8",
        "userDefined": false
      }
    ],
    "isTemplate": false,
    "count": 0,
    "lang": "th",
    "updated": 0
  },
  {
    "id": "75104696-f7ed-43bc-acb3-a9c7c49509af",
    "data": [
      {
        "text": "ไปยังไงอาคารเลขที่8",
        "userDefined": false
      }
    ],
    "isTemplate": false,
    "count": 0,
    "lang": "th",
    "updated": 0
  },
  {
    "id": "7b64dcb3-91c5-41ce-b993-5ee58b48129d",
    "data": [
      {
        "text": "อยากได้แผนที่อาคาร8",
        "userDefined": false
      }
    ],
    "isTemplate": false,
    "count": 0,
    "lang": "th",
    "updated": 0
  },
  {
    "id": "28261ca7-d247-4570-9830-3d3887bf65d3",
    "data": [
      {
        "text": "อยากไปอาคารหมายเลขที่8",
        "userDefined": false
      }
    ],
    "isTemplate": false,
    "count": 0,
    "lang": "th",
    "updated": 0
  },
  {
    "id": "bb8806ad-485d-4949-bc1d-f0f78bb73a59",
    "data": [
      {
        "text": "ตั้งอยู่ไหนอาคาร8",
        "userDefined": false
      }
    ],
    "isTemplate": false,
    "count": 0,
    "lang": "th",
    "updated": 0
  },
  {
    "id": "edbfec18-06d6-4479-a372-6657bbf14be5",
    "data": [
      {
        "text": "อยู่ตรงไหนอาคาร8",
        "userDefined": false
      }
    ],
    "isTemplate": false,
    "count": 0,
    "lang": "th",
    "updated": 0
  },
  {
    "id": "927764c3-df9b-4be4-b1d9-8878839e8bfd",
    "data": [
      {
        "text": "อาคาร8อยู่ไส",
        "userDefined": false
      }
    ],
    "isTemplate": false,
    "count": 0,
    "lang": "th",
    "updated": 0
  },
  {
    "id": "737ba1a4-9803-4234-ad88-e54b6d5c9594",
    "data": [
      {
        "text": "อาคาร8ไปจั่งไส",
        "userDefined": false
      }
    ],
    "isTemplate": false,
    "count": 0,
    "lang": "th",
    "updated": 0
  },
  {
    "id": "d694ae17-8e77-4aa7-8a7a-5ecef2ab9c23",
    "data": [
      {
        "text": "ไปจั่งไสอาคาร8",
        "userDefined": false
      }
    ],
    "isTemplate": false,
    "count": 0,
    "lang": "th",
    "updated": 0
  },
  {
    "id": "584e5e10-66d2-4158-bcd3-1e2730d181e0",
    "data": [
      {
        "text": "อาคาร8ไปทางได๋",
        "userDefined": false
      }
    ],
    "isTemplate": false,
    "count": 0,
    "lang": "th",
    "updated": 0
  },
  {
    "id": "ad4b926e-8edb-4836-8fcb-bbc5b71659f8",
    "data": [
      {
        "text": "วิธีไปอาคาร8",
        "userDefined": false
      }
    ],
    "isTemplate": false,
    "count": 0,
    "lang": "th",
    "updated": 0
  },
  {
    "id": "d19a4f21-ab17-40b4-84f5-d8d3a675f8da",
    "data": [
      {
        "text": "มีทางไปอาคาร8ไหม",
        "userDefined": false
      }
    ],
    "isTemplate": false,
    "count": 0,
    "lang": "th",
    "updated": 0
  },
  {
    "id": "04b1b415-fb1d-4bec-9c55-c677f379c690",
    "data": [
      {
        "text": "ถ้าจะไปอาคาร8ไปทางไหน",
        "userDefined": false
      }
    ],
    "isTemplate": false,
    "count": 0,
    "lang": "th",
    "updated": 0
  },
  {
    "id": "5c613a4f-995f-4fbe-b4ca-d73c13661da6",
    "data": [
      {
        "text": "มีเส้นทางทางใดที่จะไปอาคาร8",
        "userDefined": false
      }
    ],
    "isTemplate": false,
    "count": 0,
    "lang": "th",
    "updated": 0
  },
  {
    "id": "9d6d53dc-103a-44f1-8234-16f8c8ca80a1",
    "data": [
      {
        "text": "ควรใช้ทางไหนเพื่อไปอาคาร8",
        "userDefined": false
      }
    ],
    "isTemplate": false,
    "count": 0,
    "lang": "th",
    "updated": 0
  },
  {
    "id": "023093d7-7a79-4bd5-809a-0181550b6fc6",
    "data": [
      {
        "text": "แนะนำเส้นทางไปอาคาร8หน่อย",
        "userDefined": false
      }
    ],
    "isTemplate": false,
    "count": 0,
    "lang": "th",
    "updated": 0
  },
  {
    "id": "ace217b6-6f0b-4fda-989a-9d34157f801d",
    "data": [
      {
        "text": "เส้นทางไปยังอาคาร8",
        "userDefined": false
      }
    ],
    "isTemplate": false,
    "count": 0,
    "lang": "th",
    "updated": 0
  },
  {
    "id": "95b32b5c-ea58-41ac-a476-4974f74a0468",
    "data": [
      {
        "text": "ขอตำแหน่งอาคาร8",
        "userDefined": false
      }
    ],
    "isTemplate": false,
    "count": 0,
    "lang": "th",
    "updated": 0
  },
  {
    "id": "d7f1cad0-ad10-41da-a0e5-1d0f05281110",
    "data": [
      {
        "text": "ที่ตั้ง.อาคาร8",
        "meta": "@sys.location",
        "alias": "location",
        "userDefined": false
      }
    ],
    "isTemplate": false,
    "count": 0,
    "lang": "th",
    "updated": 0
  },
  {
    "id": "38af7533-4aa5-44ac-a5d1-7a694169506a",
    "data": [
      {
        "text": "จะไปยังอาคาร8ได้ยังไง",
        "userDefined": false
      }
    ],
    "isTemplate": false,
    "count": 0,
    "lang": "th",
    "updated": 0
  },
  {
    "id": "5ded03dc-0be8-4ddf-b705-452b3a7b2b8a",
    "data": [
      {
        "text": "อาคาร8อยู่ตรงไหน",
        "userDefined": false
      }
    ],
    "isTemplate": false,
    "count": 0,
    "lang": "th",
    "updated": 0
  },
  {
    "id": "cd9023c8-6130-42f9-8d21-c22e7333e62c",
    "data": [
      {
        "text": "ขอเส้นทางไปอาคาร8",
        "userDefined": false
      }
    ],
    "isTemplate": false,
    "count": 0,
    "lang": "th",
    "updated": 0
  },
  {
    "id": "f4d93b20-10ea-4c30-8aac-f7856b82c123",
    "data": [
      {
        "text": "อาคาร8อยู่ที่ไหน",
        "userDefined": false
      }
    ],
    "isTemplate": false,
    "count": 0,
    "lang": "th",
    "updated": 0
  },
  {
    "id": "a3c0ad33-6c69-4757-8baa-d195b9f7f8a5",
    "data": [
      {
        "text": "อยากไปอาคาร8",
        "userDefined": false
      }
    ],
    "isTemplate": false,
    "count": 0,
    "lang": "th",
    "updated": 0
  },
  {
    "id": "e22c792d-c5ea-4b54-8de5-f78564f08c57",
    "data": [
      {
        "text": "ไปอาคาร8",
        "userDefined": false
      }
    ],
    "isTemplate": false,
    "count": 0,
    "lang": "th",
    "updated": 0
  },
  {
    "id": "523ef7c3-7eae-4926-9cfe-91869c5e170e",
    "data": [
      {
        "text": "ทางไปอาคาร8",
        "userDefined": false
      }
    ],
    "isTemplate": false,
    "count": 0,
    "lang": "th",
    "updated": 0
  },
  {
    "id": "9f067cf2-66b4-4f9a-8b8f-9ef456e02a61",
    "data": [
      {
        "text": "ทางไปอาคารปฏิบัติการวิศวกรรมเครื่องกล",
        "userDefined": false
      }
    ],
    "isTemplate": false,
    "count": 0,
    "lang": "th",
    "updated": 0
  }
]