[
  {
    "id": "34da9c09-05bd-40a6-b0fb-56c53bc2ad01",
    "data": [
      {
        "text": "ถ้าต้องการเดินทางไปอาคาร6",
        "userDefined": false
      }
    ],
    "isTemplate": false,
    "count": 0,
    "lang": "th",
    "updated": 0
  },
  {
    "id": "3af23bcf-4fa3-4498-8008-5e493a41c34a",
    "data": [
      {
        "text": "แนะนำเส้นทางใดสำหรับการเดินทางไป อาคาร6",
        "userDefined": false
      }
    ],
    "isTemplate": false,
    "count": 0,
    "lang": "th",
    "updated": 0
  },
  {
    "id": "a9cefc60-99e0-4a47-b6d6-2d0e013d25f5",
    "data": [
      {
        "text": "มีทางไปอาคาร6ทางใดบ้าง",
        "userDefined": false
      }
    ],
    "isTemplate": false,
    "count": 0,
    "lang": "th",
    "updated": 0
  },
  {
    "id": "ca2f0026-7f9c-49a1-9313-971877734ed0",
    "data": [
      {
        "text": "อาคาร6อยู่ตรงของมหาลัย",
        "userDefined": false
      }
    ],
    "isTemplate": false,
    "count": 0,
    "lang": "th",
    "updated": 0
  },
  {
    "id": "9876eaab-1e8b-4917-bb75-6aed49bbee17",
    "data": [
      {
        "text": "มีเส้นทาง",
        "userDefined": false
      },
      {
        "text": "อะไร",
        "meta": "@what",
        "alias": "what",
        "userDefined": false
      },
      {
        "text": "ที่ใช้ไปอาคาร6",
        "userDefined": false
      }
    ],
    "isTemplate": false,
    "count": 0,
    "lang": "th",
    "updated": 0
  },
  {
    "id": "65b76dcb-4ded-4f0f-b022-e9d852ccf8db",
    "data": [
      {
        "text": "ไปยังไงอาคาร6",
        "userDefined": false
      }
    ],
    "isTemplate": false,
    "count": 0,
    "lang": "th",
    "updated": 0
  },
  {
    "id": "a6fd5607-a6f8-4c2b-b9e4-728e9230b4c7",
    "data": [
      {
        "text": "ไปยังไงตึก6",
        "userDefined": false
      }
    ],
    "isTemplate": false,
    "count": 0,
    "lang": "th",
    "updated": 0
  },
  {
    "id": "91cf3905-218a-4bc8-8790-51696cda3cc7",
    "data": [
      {
        "text": "ไปยังไง6",
        "userDefined": false
      }
    ],
    "isTemplate": false,
    "count": 0,
    "lang": "th",
    "updated": 0
  },
  {
    "id": "8c74e7ec-1189-49b3-8f8f-7f29bc5cbdb2",
    "data": [
      {
        "text": "ไปยังไงอาคารที่6",
        "userDefined": false
      }
    ],
    "isTemplate": false,
    "count": 0,
    "lang": "th",
    "updated": 0
  },
  {
    "id": "260c3d24-a0fa-4408-8e97-ec78ded9470c",
    "data": [
      {
        "text": "ไปยังไงอาคารเลขที่6",
        "userDefined": false
      }
    ],
    "isTemplate": false,
    "count": 0,
    "lang": "th",
    "updated": 0
  },
  {
    "id": "075d0e4c-0145-4f0f-b243-281df6d54c0a",
    "data": [
      {
        "text": "อยากได้แผนที่อาคาร6",
        "userDefined": false
      }
    ],
    "isTemplate": false,
    "count": 0,
    "lang": "th",
    "updated": 0
  },
  {
    "id": "ce7053a4-49a0-4eb6-bf81-0a3191d86468",
    "data": [
      {
        "text": "อยากไปอาคารหมายเลขที่6",
        "userDefined": false
      }
    ],
    "isTemplate": false,
    "count": 0,
    "lang": "th",
    "updated": 0
  },
  {
    "id": "cbc5387a-f5d3-4946-a3bb-e1d88cc9112e",
    "data": [
      {
        "text": "ตั้งอยู่ไหนอาคาร6",
        "userDefined": false
      }
    ],
    "isTemplate": false,
    "count": 0,
    "lang": "th",
    "updated": 0
  },
  {
    "id": "131d4a16-2eb0-457d-866f-efa3968debf4",
    "data": [
      {
        "text": "อยู่ตรงไหนอาคาร6",
        "userDefined": false
      }
    ],
    "isTemplate": false,
    "count": 0,
    "lang": "th",
    "updated": 0
  },
  {
    "id": "76cdb31f-f63e-4925-9d33-5041986b0645",
    "data": [
      {
        "text": "อาคาร6อยู่ไส",
        "userDefined": false
      }
    ],
    "isTemplate": false,
    "count": 0,
    "lang": "th",
    "updated": 0
  },
  {
    "id": "d6b0746c-660a-4a1e-947e-a08bbf1e2f48",
    "data": [
      {
        "text": "อาคาร6ไปจั่งไส",
        "userDefined": false
      }
    ],
    "isTemplate": false,
    "count": 0,
    "lang": "th",
    "updated": 0
  },
  {
    "id": "d3d6482f-bf98-4347-b3ff-9e0d6f999aef",
    "data": [
      {
        "text": "ไปจั่งไสอาคาร6",
        "userDefined": false
      }
    ],
    "isTemplate": false,
    "count": 0,
    "lang": "th",
    "updated": 0
  },
  {
    "id": "e25e244d-6449-4383-ad82-dfbc64331868",
    "data": [
      {
        "text": "อาคาร6ไปทางได๋",
        "userDefined": false
      }
    ],
    "isTemplate": false,
    "count": 0,
    "lang": "th",
    "updated": 0
  },
  {
    "id": "ed929c7d-16b4-4344-839c-9786a44fade0",
    "data": [
      {
        "text": "วิธีไปอาคาร6",
        "userDefined": false
      }
    ],
    "isTemplate": false,
    "count": 0,
    "lang": "th",
    "updated": 0
  },
  {
    "id": "c849b926-4bde-44bd-aa62-70bce252722b",
    "data": [
      {
        "text": "มีทางไปอาคาร6ไหม",
        "userDefined": false
      }
    ],
    "isTemplate": false,
    "count": 0,
    "lang": "th",
    "updated": 0
  },
  {
    "id": "b4a2e00a-1706-4d4a-83fd-9991e99f45e6",
    "data": [
      {
        "text": "ถ้าจะไปอาคาร6ไปทางไหน",
        "userDefined": false
      }
    ],
    "isTemplate": false,
    "count": 0,
    "lang": "th",
    "updated": 0
  },
  {
    "id": "9c9036eb-96d7-47d7-932d-0cefbaef65f4",
    "data": [
      {
        "text": "มีเส้นทางทางใดที่จะไปอาคาร6",
        "userDefined": false
      }
    ],
    "isTemplate": false,
    "count": 0,
    "lang": "th",
    "updated": 0
  },
  {
    "id": "dd4ffbb8-76d4-4711-9eae-ee5c4f0ff0c1",
    "data": [
      {
        "text": "ควรใช้ทางไหนเพื่อไปอาคาร6",
        "userDefined": false
      }
    ],
    "isTemplate": false,
    "count": 0,
    "lang": "th",
    "updated": 0
  },
  {
    "id": "743e5be1-e589-4e64-bb27-b12beaf6e15c",
    "data": [
      {
        "text": "แนะนำเส้นทางไปอาคาร6หน่อย",
        "userDefined": false
      }
    ],
    "isTemplate": false,
    "count": 0,
    "lang": "th",
    "updated": 0
  },
  {
    "id": "1ba98fd8-2a75-4fee-a8bb-fbb9f750d34c",
    "data": [
      {
        "text": "เส้นทางไปยังอาคาร6",
        "userDefined": false
      }
    ],
    "isTemplate": false,
    "count": 0,
    "lang": "th",
    "updated": 0
  },
  {
    "id": "ed95aab1-9f38-4dc8-8480-005e4bcd60bf",
    "data": [
      {
        "text": "ขอตำแหน่งอาคาร6",
        "userDefined": false
      }
    ],
    "isTemplate": false,
    "count": 0,
    "lang": "th",
    "updated": 0
  },
  {
    "id": "faadd2cc-bece-41bf-a1a9-2c237a3bbd4b",
    "data": [
      {
        "text": "ที่ตั้ง.",
        "userDefined": false
      },
      {
        "text": "อาคาร6",
        "meta": "@sys.location",
        "alias": "location",
        "userDefined": false
      }
    ],
    "isTemplate": false,
    "count": 0,
    "lang": "th",
    "updated": 0
  },
  {
    "id": "c2c8570b-7630-4251-b1f7-e0cdc43a05d1",
    "data": [
      {
        "text": "จะไปยังอาคาร6ได้ยังไง",
        "userDefined": false
      }
    ],
    "isTemplate": false,
    "count": 0,
    "lang": "th",
    "updated": 0
  },
  {
    "id": "93504bcf-269d-4b5d-aebe-0dd302135bbf",
    "data": [
      {
        "text": "อาคาร6อยู่ตรงไหน",
        "userDefined": false
      }
    ],
    "isTemplate": false,
    "count": 0,
    "lang": "th",
    "updated": 0
  },
  {
    "id": "0c5527a5-9608-4a30-9d25-14d42c5674d9",
    "data": [
      {
        "text": "ขอเส้นทางไปอาคาร6",
        "userDefined": false
      }
    ],
    "isTemplate": false,
    "count": 0,
    "lang": "th",
    "updated": 0
  },
  {
    "id": "041c5e29-f6a2-42ea-8f43-29a3e918a52e",
    "data": [
      {
        "text": "อาคาร6อยู่ที่ไหน",
        "userDefined": false
      }
    ],
    "isTemplate": false,
    "count": 0,
    "lang": "th",
    "updated": 0
  },
  {
    "id": "4c6b8d69-46b8-44b1-a600-c2f0c9242feb",
    "data": [
      {
        "text": "อยากไปอาคาร6",
        "userDefined": false
      }
    ],
    "isTemplate": false,
    "count": 0,
    "lang": "th",
    "updated": 0
  },
  {
    "id": "9a80c5f7-7f75-4abf-9a71-89316592feb2",
    "data": [
      {
        "text": "ไปอาคาร6",
        "userDefined": false
      }
    ],
    "isTemplate": false,
    "count": 0,
    "lang": "th",
    "updated": 0
  },
  {
    "id": "62a04afb-bd90-4d87-9ad1-f76493351356",
    "data": [
      {
        "text": "ทางไปอาคาร6",
        "userDefined": false
      }
    ],
    "isTemplate": false,
    "count": 0,
    "lang": "th",
    "updated": 0
  },
  {
    "id": "a34bba71-4cea-4be1-90fb-bdc1a10c290b",
    "data": [
      {
        "text": "ทางไปอาคารปฏิบัติการรวม",
        "userDefined": false
      }
    ],
    "isTemplate": false,
    "count": 0,
    "lang": "th",
    "updated": 0
  }
]