[
  {
    "id": "8c21a45d-b3a8-4f20-a530-b8978125e685",
    "data": [
      {
        "text": "ถ้าต้องการเดินทางไปอาคาร20",
        "userDefined": false
      }
    ],
    "isTemplate": false,
    "count": 0,
    "lang": "th",
    "updated": 0
  },
  {
    "id": "2f380799-d953-4548-8a0a-61fce8018b4c",
    "data": [
      {
        "text": "แนะนำเส้นทางใดสำหรับการเดินทางไป ",
        "userDefined": false
      },
      {
        "text": "อาคาร20",
        "meta": "@sys.location",
        "alias": "location",
        "userDefined": false
      }
    ],
    "isTemplate": false,
    "count": 0,
    "lang": "th",
    "updated": 0
  },
  {
    "id": "d63343fe-781a-4cf4-9eeb-e43ccfb87217",
    "data": [
      {
        "text": "มีทางไปอาคาร20ทางใดบ้าง",
        "userDefined": false
      }
    ],
    "isTemplate": false,
    "count": 0,
    "lang": "th",
    "updated": 0
  },
  {
    "id": "c7edafe7-e481-43ca-a286-423dac2443f0",
    "data": [
      {
        "text": "อาคาร20อยู่ตรงของมหาลัย",
        "userDefined": false
      }
    ],
    "isTemplate": false,
    "count": 0,
    "lang": "th",
    "updated": 0
  },
  {
    "id": "c2942aa4-328a-4f94-b722-0e686fd3e1a7",
    "data": [
      {
        "text": "มีเส้นทาง",
        "userDefined": false
      },
      {
        "text": "อะไร",
        "meta": "@what",
        "alias": "what",
        "userDefined": false
      },
      {
        "text": "ที่ใช้ไปอาคาร20",
        "userDefined": false
      }
    ],
    "isTemplate": false,
    "count": 0,
    "lang": "th",
    "updated": 0
  },
  {
    "id": "d21a0c78-227d-4f00-81e8-c7ce23633828",
    "data": [
      {
        "text": "ไปยังไงอาคาร20",
        "userDefined": false
      }
    ],
    "isTemplate": false,
    "count": 0,
    "lang": "th",
    "updated": 0
  },
  {
    "id": "ee1f3e9d-d3b7-4887-80c2-cd949e44e471",
    "data": [
      {
        "text": "ไปยังไงตึก20",
        "userDefined": false
      }
    ],
    "isTemplate": false,
    "count": 0,
    "lang": "th",
    "updated": 0
  },
  {
    "id": "efd33e83-c259-4bca-9ed2-162d779a10dc",
    "data": [
      {
        "text": "ไปยังไง20",
        "userDefined": false
      }
    ],
    "isTemplate": false,
    "count": 0,
    "lang": "th",
    "updated": 0
  },
  {
    "id": "a99363ab-aff3-45dd-a677-77f743835d4a",
    "data": [
      {
        "text": "ไปยังไงอาคารที่20",
        "userDefined": false
      }
    ],
    "isTemplate": false,
    "count": 0,
    "lang": "th",
    "updated": 0
  },
  {
    "id": "fbd6c542-5ab4-4893-9ffd-fa163bb32404",
    "data": [
      {
        "text": "ไปยังไงอาคารเลขที่20",
        "userDefined": false
      }
    ],
    "isTemplate": false,
    "count": 0,
    "lang": "th",
    "updated": 0
  },
  {
    "id": "2fd51f7e-4d76-419b-8bd0-2d109dba08f1",
    "data": [
      {
        "text": "อยากได้แผนที่อาคาร20",
        "userDefined": false
      }
    ],
    "isTemplate": false,
    "count": 0,
    "lang": "th",
    "updated": 0
  },
  {
    "id": "ce2ffbad-b31b-4f61-827b-6c2253406ba4",
    "data": [
      {
        "text": "อยากไปอาคารหมายเลขที่20",
        "userDefined": false
      }
    ],
    "isTemplate": false,
    "count": 0,
    "lang": "th",
    "updated": 0
  },
  {
    "id": "1d9b6b5f-58f1-4764-9c1a-48412a53ef23",
    "data": [
      {
        "text": "ตั้งอยู่ไหนอาคาร20",
        "userDefined": false
      }
    ],
    "isTemplate": false,
    "count": 0,
    "lang": "th",
    "updated": 0
  },
  {
    "id": "25d65fdd-ddcd-46e3-9890-7c77bf6789f0",
    "data": [
      {
        "text": "อยู่ตรงไหนอาคาร20",
        "userDefined": false
      }
    ],
    "isTemplate": false,
    "count": 0,
    "lang": "th",
    "updated": 0
  },
  {
    "id": "1f46430a-cd02-4b42-b3c4-ee642b574abe",
    "data": [
      {
        "text": "อาคาร20อยู่ไส",
        "userDefined": false
      }
    ],
    "isTemplate": false,
    "count": 0,
    "lang": "th",
    "updated": 0
  },
  {
    "id": "da3cc36a-9f72-4546-93ad-6bfe58e75c01",
    "data": [
      {
        "text": "อาคาร20ไปจั่งไส",
        "userDefined": false
      }
    ],
    "isTemplate": false,
    "count": 0,
    "lang": "th",
    "updated": 0
  },
  {
    "id": "48e08b54-efa1-47fc-90e3-a7c382d8d4b7",
    "data": [
      {
        "text": "ไปจั่งไสอาคาร20",
        "userDefined": false
      }
    ],
    "isTemplate": false,
    "count": 0,
    "lang": "th",
    "updated": 0
  },
  {
    "id": "d3750173-edae-4b85-bec3-fbd9208bf7b6",
    "data": [
      {
        "text": "อาคาร20ไปทางได๋",
        "userDefined": false
      }
    ],
    "isTemplate": false,
    "count": 0,
    "lang": "th",
    "updated": 0
  },
  {
    "id": "404b96ac-245b-4a25-9ef3-38a6dc9885c2",
    "data": [
      {
        "text": "วิธีไปอาคาร20",
        "userDefined": false
      }
    ],
    "isTemplate": false,
    "count": 0,
    "lang": "th",
    "updated": 0
  },
  {
    "id": "f3db47ef-a8f0-48e5-b2c5-e22a79c16c5b",
    "data": [
      {
        "text": "มีทางไปอาคาร20ไหม",
        "userDefined": false
      }
    ],
    "isTemplate": false,
    "count": 0,
    "lang": "th",
    "updated": 0
  },
  {
    "id": "cc64825c-e504-4e89-afa3-825334d02850",
    "data": [
      {
        "text": "ถ้าจะไปอาคาร20ไปทางไหน",
        "userDefined": false
      }
    ],
    "isTemplate": false,
    "count": 0,
    "lang": "th",
    "updated": 0
  },
  {
    "id": "6fef24d0-57c1-43b6-a1a7-ac4c56227e5d",
    "data": [
      {
        "text": "มีเส้นทางทางใดที่จะไปอาคาร20",
        "userDefined": false
      }
    ],
    "isTemplate": false,
    "count": 0,
    "lang": "th",
    "updated": 0
  },
  {
    "id": "dc4df444-d643-462f-954c-a165cfe7fdd0",
    "data": [
      {
        "text": "ควรใช้ทางไหนเพื่อไปอาคาร20",
        "userDefined": false
      }
    ],
    "isTemplate": false,
    "count": 0,
    "lang": "th",
    "updated": 0
  },
  {
    "id": "f387de6d-f7fd-4f32-80e0-0201e81316d4",
    "data": [
      {
        "text": "แนะนำเส้นทางไปอาคาร20หน่อย",
        "userDefined": false
      }
    ],
    "isTemplate": false,
    "count": 0,
    "lang": "th",
    "updated": 0
  },
  {
    "id": "d17ddd75-0144-4f87-afd6-b05cd7884bf4",
    "data": [
      {
        "text": "เส้นทางไปยังอาคาร20",
        "userDefined": false
      }
    ],
    "isTemplate": false,
    "count": 0,
    "lang": "th",
    "updated": 0
  },
  {
    "id": "14f979e6-7f42-41e7-b126-59eb2407c1eb",
    "data": [
      {
        "text": "ขอตำแหน่งอาคาร20",
        "userDefined": false
      }
    ],
    "isTemplate": false,
    "count": 0,
    "lang": "th",
    "updated": 0
  },
  {
    "id": "f943806c-603b-4099-a9bf-888c4e5bdbe8",
    "data": [
      {
        "text": "ที่ตั้ง.อาคาร20",
        "meta": "@sys.location",
        "alias": "location",
        "userDefined": false
      }
    ],
    "isTemplate": false,
    "count": 0,
    "lang": "th",
    "updated": 0
  },
  {
    "id": "7dd2d02d-f5b1-4eb0-ba40-636547c36a8f",
    "data": [
      {
        "text": "จะไปยังอาคาร20ได้ยังไง",
        "userDefined": false
      }
    ],
    "isTemplate": false,
    "count": 0,
    "lang": "th",
    "updated": 0
  },
  {
    "id": "525fe5e7-87ec-4a92-bcdf-ba69b8fd60e4",
    "data": [
      {
        "text": "อาคาร20อยู่ตรงไหน",
        "userDefined": false
      }
    ],
    "isTemplate": false,
    "count": 0,
    "lang": "th",
    "updated": 0
  },
  {
    "id": "f1376dc7-85fd-499e-9f1e-81ce36f9a1a4",
    "data": [
      {
        "text": "ขอเส้นทางไปอาคาร20",
        "userDefined": false
      }
    ],
    "isTemplate": false,
    "count": 0,
    "lang": "th",
    "updated": 0
  },
  {
    "id": "47e1fab2-1552-4874-bc51-d04dd6c57824",
    "data": [
      {
        "text": "อาคาร20อยู่ที่ไหน",
        "userDefined": false
      }
    ],
    "isTemplate": false,
    "count": 0,
    "lang": "th",
    "updated": 0
  },
  {
    "id": "2d63f83a-d16a-4c5f-aa73-3d7f26df8d86",
    "data": [
      {
        "text": "อยากไปอาคาร20",
        "userDefined": false
      }
    ],
    "isTemplate": false,
    "count": 0,
    "lang": "th",
    "updated": 0
  },
  {
    "id": "07445320-06f3-41b7-b54a-1305c195b857",
    "data": [
      {
        "text": "ไปอาคาร20",
        "userDefined": false
      }
    ],
    "isTemplate": false,
    "count": 0,
    "lang": "th",
    "updated": 0
  },
  {
    "id": "d4aa0a71-fd93-4749-a75e-b04a14eab8bf",
    "data": [
      {
        "text": "ทางไปอาคาร20",
        "userDefined": false
      }
    ],
    "isTemplate": false,
    "count": 0,
    "lang": "th",
    "updated": 0
  },
  {
    "id": "dbe1fdb5-33ae-4aba-ab01-e21fecca9102",
    "data": [
      {
        "text": "ทางไปอาคารปฏิบัติการด้านวิทยาศาสตร์สุขภาพ",
        "userDefined": false
      }
    ],
    "isTemplate": false,
    "count": 0,
    "lang": "th",
    "updated": 0
  }
]