[
  {
    "id": "ead6b57a-a681-4e92-a8dc-5768132316d6",
    "data": [
      {
        "text": "ถ้าต้องการเดินทางไปอาคาร11",
        "userDefined": false
      }
    ],
    "isTemplate": false,
    "count": 0,
    "lang": "th",
    "updated": 0
  },
  {
    "id": "34209321-1960-49bf-a7be-7a59e90f6fcc",
    "data": [
      {
        "text": "แนะนำเส้นทางใดสำหรับการเดินทางไป ",
        "userDefined": false
      },
      {
        "text": "อาคาร11",
        "meta": "@sys.location",
        "alias": "location",
        "userDefined": false
      }
    ],
    "isTemplate": false,
    "count": 0,
    "lang": "th",
    "updated": 0
  },
  {
    "id": "ad039eea-c5ab-41ec-9b64-9a91c15f55c0",
    "data": [
      {
        "text": "มีทางไปอาคาร11ทางใดบ้าง",
        "userDefined": false
      }
    ],
    "isTemplate": false,
    "count": 0,
    "lang": "th",
    "updated": 0
  },
  {
    "id": "7adcc4d9-162b-4c9f-94a0-b5e9a1d0a50d",
    "data": [
      {
        "text": "อาคาร11อยู่ตรงของมหาลัย",
        "userDefined": false
      }
    ],
    "isTemplate": false,
    "count": 0,
    "lang": "th",
    "updated": 0
  },
  {
    "id": "fbf4e614-3bf2-4eed-9827-80e4685ddc97",
    "data": [
      {
        "text": "มีเส้นทาง",
        "userDefined": false
      },
      {
        "text": "อะไร",
        "meta": "@what",
        "alias": "what",
        "userDefined": false
      },
      {
        "text": "ที่ใช้ไปอาคาร11",
        "userDefined": false
      }
    ],
    "isTemplate": false,
    "count": 0,
    "lang": "th",
    "updated": 0
  },
  {
    "id": "5e1ff1a7-ddde-4ade-bb2d-c92e860dab5b",
    "data": [
      {
        "text": "ไปยังไงอาคาร11",
        "userDefined": false
      }
    ],
    "isTemplate": false,
    "count": 0,
    "lang": "th",
    "updated": 0
  },
  {
    "id": "7973956b-1fe9-4335-8d56-0c7f3000fe5c",
    "data": [
      {
        "text": "ไปยังไงตึก11",
        "userDefined": false
      }
    ],
    "isTemplate": false,
    "count": 0,
    "lang": "th",
    "updated": 0
  },
  {
    "id": "6b32c1c7-d64a-4fa8-99a8-e8974ab526ae",
    "data": [
      {
        "text": "ไปยังไง11",
        "userDefined": false
      }
    ],
    "isTemplate": false,
    "count": 0,
    "lang": "th",
    "updated": 0
  },
  {
    "id": "5a7c4a85-f41a-40ee-a44f-0e98972b00f0",
    "data": [
      {
        "text": "ไปยังไงอาคารที่11",
        "userDefined": false
      }
    ],
    "isTemplate": false,
    "count": 0,
    "lang": "th",
    "updated": 0
  },
  {
    "id": "7ba2a1a7-eccc-44bc-8e64-74fd7b893f6d",
    "data": [
      {
        "text": "ไปยังไงอาคารเลขที่11",
        "userDefined": false
      }
    ],
    "isTemplate": false,
    "count": 0,
    "lang": "th",
    "updated": 0
  },
  {
    "id": "4b2a744b-e3c9-45bd-8fad-e63f4d6a35ad",
    "data": [
      {
        "text": "อยากได้แผนที่อาคาร11",
        "userDefined": false
      }
    ],
    "isTemplate": false,
    "count": 0,
    "lang": "th",
    "updated": 0
  },
  {
    "id": "c0071038-ccca-4e44-9b75-46a66625f05d",
    "data": [
      {
        "text": "อยากไปอาคารหมายเลขที่11",
        "userDefined": false
      }
    ],
    "isTemplate": false,
    "count": 0,
    "lang": "th",
    "updated": 0
  },
  {
    "id": "063e671b-58bb-43e5-bd8e-fb631fe96731",
    "data": [
      {
        "text": "ตั้งอยู่ไหนอาคาร11",
        "userDefined": false
      }
    ],
    "isTemplate": false,
    "count": 0,
    "lang": "th",
    "updated": 0
  },
  {
    "id": "137a5cf2-8c70-472b-ac95-fa110e58ab09",
    "data": [
      {
        "text": "อยู่ตรงไหนอาคาร11",
        "userDefined": false
      }
    ],
    "isTemplate": false,
    "count": 0,
    "lang": "th",
    "updated": 0
  },
  {
    "id": "e221c418-842a-44a4-8c60-6d11614851cd",
    "data": [
      {
        "text": "อาคาร11อยู่ไส",
        "userDefined": false
      }
    ],
    "isTemplate": false,
    "count": 0,
    "lang": "th",
    "updated": 0
  },
  {
    "id": "ce53602e-cf3f-4f33-af69-46e0baca00db",
    "data": [
      {
        "text": "อาคาร11ไปจั่งไส",
        "userDefined": false
      }
    ],
    "isTemplate": false,
    "count": 0,
    "lang": "th",
    "updated": 0
  },
  {
    "id": "121f3fec-f9aa-403c-9c83-49633eb150f5",
    "data": [
      {
        "text": "ไปจั่งไสอาคาร11",
        "userDefined": false
      }
    ],
    "isTemplate": false,
    "count": 0,
    "lang": "th",
    "updated": 0
  },
  {
    "id": "b3b2a3d4-4979-4893-848d-abbfc28cd1d9",
    "data": [
      {
        "text": "อาคาร11ไปทางได๋",
        "userDefined": false
      }
    ],
    "isTemplate": false,
    "count": 0,
    "lang": "th",
    "updated": 0
  },
  {
    "id": "d2a2fe1a-029a-478a-9e4d-68e49017a45e",
    "data": [
      {
        "text": "วิธีไปอาคาร11",
        "userDefined": false
      }
    ],
    "isTemplate": false,
    "count": 0,
    "lang": "th",
    "updated": 0
  },
  {
    "id": "484a565c-4efc-4b84-87b5-3c24108a99eb",
    "data": [
      {
        "text": "มีทางไปอาคาร11ไหม",
        "userDefined": false
      }
    ],
    "isTemplate": false,
    "count": 0,
    "lang": "th",
    "updated": 0
  },
  {
    "id": "f2234a71-3369-4ce6-89e6-36f32337b6bc",
    "data": [
      {
        "text": "ถ้าจะไปอาคาร11ไปทางไหน",
        "userDefined": false
      }
    ],
    "isTemplate": false,
    "count": 0,
    "lang": "th",
    "updated": 0
  },
  {
    "id": "f3c12214-23a6-4b44-b60d-71bc18e6456f",
    "data": [
      {
        "text": "มีเส้นทางทางใดที่จะไปอาคาร11",
        "userDefined": false
      }
    ],
    "isTemplate": false,
    "count": 0,
    "lang": "th",
    "updated": 0
  },
  {
    "id": "1221a0d1-c752-4765-a367-02d79f6c63ba",
    "data": [
      {
        "text": "ควรใช้ทางไหนเพื่อไปอาคาร11",
        "userDefined": false
      }
    ],
    "isTemplate": false,
    "count": 0,
    "lang": "th",
    "updated": 0
  },
  {
    "id": "23c519b5-cf7f-4038-8e08-e2795066d318",
    "data": [
      {
        "text": "แนะนำเส้นทางใดไปอาคาร11หน่อย",
        "userDefined": false
      }
    ],
    "isTemplate": false,
    "count": 0,
    "lang": "th",
    "updated": 0
  },
  {
    "id": "5c89ec22-9e30-4192-a68c-7d96cf9885bf",
    "data": [
      {
        "text": "เส้นทางไปยังอาคาร11",
        "userDefined": false
      }
    ],
    "isTemplate": false,
    "count": 0,
    "lang": "th",
    "updated": 0
  },
  {
    "id": "7ccb7e5f-59f4-4963-b5a8-ed21f6027b83",
    "data": [
      {
        "text": "ขอตำแหน่งอาคาร11",
        "userDefined": false
      }
    ],
    "isTemplate": false,
    "count": 0,
    "lang": "th",
    "updated": 0
  },
  {
    "id": "3b667b8f-d613-4683-8e84-ad535a1cc231",
    "data": [
      {
        "text": "ที่ตั้ง.",
        "userDefined": false
      },
      {
        "text": "อาคาร11",
        "meta": "@sys.location",
        "alias": "location",
        "userDefined": false
      }
    ],
    "isTemplate": false,
    "count": 0,
    "lang": "th",
    "updated": 0
  },
  {
    "id": "9b92d8dc-7b3d-429d-86ad-8907acf4a514",
    "data": [
      {
        "text": "จะไปยังอาคาร11ได้ยังไง",
        "userDefined": false
      }
    ],
    "isTemplate": false,
    "count": 0,
    "lang": "th",
    "updated": 0
  },
  {
    "id": "0104d908-22d3-4d04-960d-de0e6f66713a",
    "data": [
      {
        "text": "อาคาร11อยู่ตรงไหน",
        "userDefined": false
      }
    ],
    "isTemplate": false,
    "count": 0,
    "lang": "th",
    "updated": 0
  },
  {
    "id": "f44f2bd2-22d4-484b-8746-a06908c3058d",
    "data": [
      {
        "text": "ขอเส้นทางไปอาคาร11",
        "userDefined": false
      }
    ],
    "isTemplate": false,
    "count": 0,
    "lang": "th",
    "updated": 0
  },
  {
    "id": "c648ef64-c0de-414e-97e7-da63e4e16080",
    "data": [
      {
        "text": "อาคาร11อยู่ที่ไหน",
        "userDefined": false
      }
    ],
    "isTemplate": false,
    "count": 0,
    "lang": "th",
    "updated": 0
  },
  {
    "id": "68e604a5-f81c-47d7-a999-64a6cb8a2dad",
    "data": [
      {
        "text": "อยากไปอาคาร11",
        "userDefined": false
      }
    ],
    "isTemplate": false,
    "count": 0,
    "lang": "th",
    "updated": 0
  },
  {
    "id": "d521adba-e196-404d-9fc7-f77d41846fd8",
    "data": [
      {
        "text": "ไปอาคาร11",
        "userDefined": false
      }
    ],
    "isTemplate": false,
    "count": 0,
    "lang": "th",
    "updated": 0
  },
  {
    "id": "893eda55-991b-4a07-bccd-47ef64b61e7d",
    "data": [
      {
        "text": "ทางไปอาคาร11",
        "userDefined": false
      }
    ],
    "isTemplate": false,
    "count": 0,
    "lang": "th",
    "updated": 0
  },
  {
    "id": "d6e71d14-e7ed-48d8-aa46-7f24995d5684",
    "data": [
      {
        "text": "ทางไปโรงกรองน้ำและหอวิทยาเขต",
        "userDefined": false
      }
    ],
    "isTemplate": false,
    "count": 0,
    "lang": "th",
    "updated": 0
  }
]