[
  {
    "id": "22e2146f-7170-4280-83e4-bb7435a60df7",
    "data": [
      {
        "text": "ถ้าต้องการเดินทางไปอาคาร12",
        "userDefined": false
      }
    ],
    "isTemplate": false,
    "count": 1,
    "lang": "th",
    "updated": 0
  },
  {
    "id": "5fa6ab67-c3a3-4971-9040-fb658ef5a440",
    "data": [
      {
        "text": "แนะนำเส้นทางใดสำหรับการเดินทางไป อาคาร12",
        "userDefined": false
      }
    ],
    "isTemplate": false,
    "count": 0,
    "lang": "th",
    "updated": 0
  },
  {
    "id": "280ffe89-2627-48f6-968c-087affd46e5c",
    "data": [
      {
        "text": "มีทางไปอาคาร",
        "userDefined": false
      },
      {
        "text": "12ทาง",
        "meta": "@sys.location",
        "alias": "location",
        "userDefined": false
      },
      {
        "text": "ใดบ้าง",
        "userDefined": false
      }
    ],
    "isTemplate": false,
    "count": 0,
    "lang": "th",
    "updated": 0
  },
  {
    "id": "88f7161f-d2c4-439b-b158-c3b143cce04b",
    "data": [
      {
        "text": "อาคาร12อยู่ตรงของมหาลัย",
        "userDefined": false
      }
    ],
    "isTemplate": false,
    "count": 0,
    "lang": "th",
    "updated": 0
  },
  {
    "id": "cd5185da-6c2b-4fbc-8572-beaf7ec896b2",
    "data": [
      {
        "text": "มีเส้นทางอะไรที่ใช้ไปอาคาร12",
        "userDefined": false
      }
    ],
    "isTemplate": false,
    "count": 0,
    "lang": "th",
    "updated": 0
  },
  {
    "id": "477989af-b7d9-42ec-883d-7d01a617cbdd",
    "data": [
      {
        "text": "ไปยังไงอาคาร12",
        "userDefined": false
      }
    ],
    "isTemplate": false,
    "count": 0,
    "lang": "th",
    "updated": 0
  },
  {
    "id": "60a23a3a-2c1d-450b-8318-94611d0e6104",
    "data": [
      {
        "text": "ไปยังไงตึก12",
        "userDefined": false
      }
    ],
    "isTemplate": false,
    "count": 0,
    "lang": "th",
    "updated": 0
  },
  {
    "id": "18d7737f-934f-4935-bae0-72209a18b2ff",
    "data": [
      {
        "text": "ไปยังไง12",
        "userDefined": false
      }
    ],
    "isTemplate": false,
    "count": 0,
    "lang": "th",
    "updated": 0
  },
  {
    "id": "f67e7ea3-5787-4ea2-bdda-8b4aeea398a7",
    "data": [
      {
        "text": "ไปยังไงอาคารที่12",
        "userDefined": false
      }
    ],
    "isTemplate": false,
    "count": 0,
    "lang": "th",
    "updated": 0
  },
  {
    "id": "e75a24bb-c690-456e-b1b2-9874816ffb07",
    "data": [
      {
        "text": "ไปยังไงอาคารเลขที่12",
        "userDefined": false
      }
    ],
    "isTemplate": false,
    "count": 0,
    "lang": "th",
    "updated": 0
  },
  {
    "id": "96e52574-7519-4c48-bbf7-4af762ad553b",
    "data": [
      {
        "text": "อยากได้แผนที่อาคาร12",
        "userDefined": false
      }
    ],
    "isTemplate": false,
    "count": 0,
    "lang": "th",
    "updated": 0
  },
  {
    "id": "12427ba5-b712-47cb-9400-3712d8c28e53",
    "data": [
      {
        "text": "อยากไปอาคารหมายเลขที่12",
        "userDefined": false
      }
    ],
    "isTemplate": false,
    "count": 0,
    "lang": "th",
    "updated": 0
  },
  {
    "id": "c89b8e3c-c463-413f-8258-b9090a576543",
    "data": [
      {
        "text": "ตั้งอยู่ไหนอาคาร12",
        "userDefined": false
      }
    ],
    "isTemplate": false,
    "count": 0,
    "lang": "th",
    "updated": 0
  },
  {
    "id": "b83b5687-4f50-46a1-835f-0ddb613550d2",
    "data": [
      {
        "text": "อยู่ตรงไหนอาคาร12",
        "userDefined": false
      }
    ],
    "isTemplate": false,
    "count": 0,
    "lang": "th",
    "updated": 0
  },
  {
    "id": "e2007376-ec63-407f-9256-3e2595a044f4",
    "data": [
      {
        "text": "อาคาร12อยู่ไส",
        "userDefined": false
      }
    ],
    "isTemplate": false,
    "count": 0,
    "lang": "th",
    "updated": 0
  },
  {
    "id": "01b04e54-6840-4d4d-81d2-3ae8742834ad",
    "data": [
      {
        "text": "อาคาร12ไปจั่งไส",
        "userDefined": false
      }
    ],
    "isTemplate": false,
    "count": 0,
    "lang": "th",
    "updated": 0
  },
  {
    "id": "ee2e4924-7dbc-4bd3-a25d-ccc572bc471c",
    "data": [
      {
        "text": "ไปจั่งไสอาคาร12",
        "userDefined": false
      }
    ],
    "isTemplate": false,
    "count": 0,
    "lang": "th",
    "updated": 0
  },
  {
    "id": "a3257c98-9c34-4c8c-a32b-7351f1d897a3",
    "data": [
      {
        "text": "อาคาร12ไปทางได๋",
        "userDefined": false
      }
    ],
    "isTemplate": false,
    "count": 0,
    "lang": "th",
    "updated": 0
  },
  {
    "id": "fea244f7-6bb9-4aff-8e3f-20ea7c8b44d1",
    "data": [
      {
        "text": "วิธีไปอาคาร12",
        "userDefined": false
      }
    ],
    "isTemplate": false,
    "count": 0,
    "lang": "th",
    "updated": 0
  },
  {
    "id": "70f0c94b-e54e-479c-a2c9-e00b8eb21077",
    "data": [
      {
        "text": "มีทางไปอาคาร12ไหม",
        "userDefined": false
      }
    ],
    "isTemplate": false,
    "count": 0,
    "lang": "th",
    "updated": 0
  },
  {
    "id": "e2401823-6613-4aed-824f-2684a3e03564",
    "data": [
      {
        "text": "ถ้าจะไปอาคาร12ไปทางไหน",
        "userDefined": false
      }
    ],
    "isTemplate": false,
    "count": 0,
    "lang": "th",
    "updated": 0
  },
  {
    "id": "6f2789a0-abf8-48cf-b7ff-2443d42b9d2d",
    "data": [
      {
        "text": "มีเส้นทางทางใดที่จะไปอาคาร12",
        "userDefined": false
      }
    ],
    "isTemplate": false,
    "count": 0,
    "lang": "th",
    "updated": 0
  },
  {
    "id": "c99403b1-e921-405c-8729-70e9cec4a2fd",
    "data": [
      {
        "text": "ควรใช้ทางไหนเพื่อไปอาคาร12",
        "userDefined": false
      }
    ],
    "isTemplate": false,
    "count": 0,
    "lang": "th",
    "updated": 0
  },
  {
    "id": "95e6ef1f-f538-44ae-92bd-6eea3b9c4f90",
    "data": [
      {
        "text": "แนะนำเส้นทางใดไปอาคาร12หน่อย",
        "userDefined": false
      }
    ],
    "isTemplate": false,
    "count": 0,
    "lang": "th",
    "updated": 0
  },
  {
    "id": "d6775346-f55a-4744-a298-c1feba5470c5",
    "data": [
      {
        "text": "เส้นทางไปยังอาคาร12",
        "userDefined": false
      }
    ],
    "isTemplate": false,
    "count": 0,
    "lang": "th",
    "updated": 0
  },
  {
    "id": "baea54da-93e8-4618-9315-6127f523e291",
    "data": [
      {
        "text": "ขอตำแหน่งอาคาร12",
        "userDefined": false
      }
    ],
    "isTemplate": false,
    "count": 0,
    "lang": "th",
    "updated": 0
  },
  {
    "id": "e24b2c74-30a9-4cb7-81a8-8a86cc5fb270",
    "data": [
      {
        "text": "ที่ตั้ง.อาคาร12",
        "meta": "@sys.location",
        "alias": "location",
        "userDefined": false
      }
    ],
    "isTemplate": false,
    "count": 0,
    "lang": "th",
    "updated": 0
  },
  {
    "id": "a2b9280b-f9f0-45a8-9fd2-82a52393b7b9",
    "data": [
      {
        "text": "จะไปยังอาคาร12ได้ยังไง",
        "userDefined": false
      }
    ],
    "isTemplate": false,
    "count": 0,
    "lang": "th",
    "updated": 0
  },
  {
    "id": "84a65aad-b3b3-430e-b4f4-a77bc0c3cc2e",
    "data": [
      {
        "text": "อาคาร12อยู่ตรงไหน",
        "userDefined": false
      }
    ],
    "isTemplate": false,
    "count": 0,
    "lang": "th",
    "updated": 0
  },
  {
    "id": "450ee126-8f25-4083-96b5-a6747de736f5",
    "data": [
      {
        "text": "ขอเส้นทางไปอาคาร12",
        "userDefined": false
      }
    ],
    "isTemplate": false,
    "count": 0,
    "lang": "th",
    "updated": 0
  },
  {
    "id": "295aa427-e761-4d7e-9bed-6ca0187e5159",
    "data": [
      {
        "text": "อาคาร12อยู่ที่ไหน",
        "userDefined": false
      }
    ],
    "isTemplate": false,
    "count": 0,
    "lang": "th",
    "updated": 0
  },
  {
    "id": "efeab29f-3bf0-47e4-a8d7-559ce620a2d0",
    "data": [
      {
        "text": "อยากไปอาคาร12",
        "userDefined": false
      }
    ],
    "isTemplate": false,
    "count": 0,
    "lang": "th",
    "updated": 0
  },
  {
    "id": "729e38f7-0db9-4016-92f5-3d205a46822a",
    "data": [
      {
        "text": "ไปอาคาร12",
        "userDefined": false
      }
    ],
    "isTemplate": false,
    "count": 0,
    "lang": "th",
    "updated": 0
  },
  {
    "id": "27e360c3-9eac-4353-9545-fc3824c1cf58",
    "data": [
      {
        "text": "ทางไปอาคาร12",
        "userDefined": false
      }
    ],
    "isTemplate": false,
    "count": 0,
    "lang": "th",
    "updated": 0
  },
  {
    "id": "0aa5e9ad-2ee2-4d44-bcf9-1d0a8a58852e",
    "data": [
      {
        "text": "ทางไปอาคารสนามกีฬา",
        "userDefined": false
      }
    ],
    "isTemplate": false,
    "count": 0,
    "lang": "th",
    "updated": 0
  },
  {
    "data": [
      {
        "text": "อาคาร12",
        "userDefined": false
      }
    ],
    "isTemplate": false,
    "count": 5,
    "lang": "th",
    "updated": 0
  },
  {
    "data": [
      {
        "text": "12",
        "meta": "@sys.number",
        "alias": "number",
        "userDefined": false
      }
    ],
    "isTemplate": false,
    "count": 2,
    "lang": "th",
    "updated": 0
  }
]