[
  {
    "id": "9a86415a-be71-473e-9771-8cdf6b2b1b56",
    "data": [
      {
        "text": "ถ้าต้องการเดินทางไปอาคาร13",
        "userDefined": false
      }
    ],
    "isTemplate": false,
    "count": 0,
    "lang": "th",
    "updated": 0
  },
  {
    "id": "898087f5-e4d8-4852-b1d1-f6b261fe21c3",
    "data": [
      {
        "text": "แนะนำเส้นทางใดสำหรับการเดินทางไป อาคาร13",
        "userDefined": false
      }
    ],
    "isTemplate": false,
    "count": 0,
    "lang": "th",
    "updated": 0
  },
  {
    "id": "820b4c74-ace6-429f-9705-0318b74bd085",
    "data": [
      {
        "text": "มีทางไปอาคาร",
        "userDefined": false
      },
      {
        "text": "13ทาง",
        "meta": "@sys.location",
        "alias": "location",
        "userDefined": false
      },
      {
        "text": "ใดบ้าง",
        "userDefined": false
      }
    ],
    "isTemplate": false,
    "count": 0,
    "lang": "th",
    "updated": 0
  },
  {
    "id": "60d19275-a501-47b5-b09a-80f2c7e65ad6",
    "data": [
      {
        "text": "อาคาร13อยู่ตรงของมหาลัย",
        "userDefined": false
      }
    ],
    "isTemplate": false,
    "count": 0,
    "lang": "th",
    "updated": 0
  },
  {
    "id": "3db7ac9f-172b-42c2-a3e5-e3f63a33cd0f",
    "data": [
      {
        "text": "มีเส้นทางอะไรที่ใช้ไปอาคาร13",
        "userDefined": false
      }
    ],
    "isTemplate": false,
    "count": 0,
    "lang": "th",
    "updated": 0
  },
  {
    "id": "5a24dfbf-4979-476b-9169-a7b5f81e6b9b",
    "data": [
      {
        "text": "ไปยังไงอาคาร13",
        "userDefined": false
      }
    ],
    "isTemplate": false,
    "count": 0,
    "lang": "th",
    "updated": 0
  },
  {
    "id": "e668fc56-1bdb-45fa-a33a-8aba951517a9",
    "data": [
      {
        "text": "ไปยังไงตึก13",
        "userDefined": false
      }
    ],
    "isTemplate": false,
    "count": 0,
    "lang": "th",
    "updated": 0
  },
  {
    "id": "1665c798-5ab8-4f4c-83fe-66e09075c9f6",
    "data": [
      {
        "text": "ไปยังไง13",
        "userDefined": false
      }
    ],
    "isTemplate": false,
    "count": 0,
    "lang": "th",
    "updated": 0
  },
  {
    "id": "fa47aec8-1f22-4915-b3b2-9ca6d565d588",
    "data": [
      {
        "text": "ไปยังไงอาคารที่13",
        "userDefined": false
      }
    ],
    "isTemplate": false,
    "count": 0,
    "lang": "th",
    "updated": 0
  },
  {
    "id": "f63371aa-312b-490f-a6da-1295adf063a1",
    "data": [
      {
        "text": "ไปยังไงอาคารเลขที่13",
        "userDefined": false
      }
    ],
    "isTemplate": false,
    "count": 0,
    "lang": "th",
    "updated": 0
  },
  {
    "id": "812a135b-116e-4889-b370-b38179944273",
    "data": [
      {
        "text": "อยากได้แผนที่อาคาร13",
        "userDefined": false
      }
    ],
    "isTemplate": false,
    "count": 0,
    "lang": "th",
    "updated": 0
  },
  {
    "id": "16423aba-ccd0-4e6a-a6f9-568e09660cf3",
    "data": [
      {
        "text": "อยากไปอาคารหมายเลขที่13",
        "userDefined": false
      }
    ],
    "isTemplate": false,
    "count": 0,
    "lang": "th",
    "updated": 0
  },
  {
    "id": "b2c66a62-1e7f-4c94-ad6c-fb9332a70f3f",
    "data": [
      {
        "text": "ตั้งอยู่ไหนอาคาร13",
        "userDefined": false
      }
    ],
    "isTemplate": false,
    "count": 0,
    "lang": "th",
    "updated": 0
  },
  {
    "id": "7449e743-b11b-416a-869a-ad427f942d79",
    "data": [
      {
        "text": "อยู่ตรงไหนอาคาร13",
        "userDefined": false
      }
    ],
    "isTemplate": false,
    "count": 0,
    "lang": "th",
    "updated": 0
  },
  {
    "id": "06a3db97-f528-4e99-89db-c5b8a0a22572",
    "data": [
      {
        "text": "อาคาร13อยู่ไส",
        "userDefined": false
      }
    ],
    "isTemplate": false,
    "count": 0,
    "lang": "th",
    "updated": 0
  },
  {
    "id": "71f7609d-d1b1-40c2-a2f3-f3d8d547c307",
    "data": [
      {
        "text": "อาคาร13ไปจั่งไส",
        "userDefined": false
      }
    ],
    "isTemplate": false,
    "count": 0,
    "lang": "th",
    "updated": 0
  },
  {
    "id": "123866f3-c483-43bb-9dcf-12c194446d6c",
    "data": [
      {
        "text": "ไปจั่งไสอาคาร13",
        "userDefined": false
      }
    ],
    "isTemplate": false,
    "count": 0,
    "lang": "th",
    "updated": 0
  },
  {
    "id": "e401a59c-0739-4a73-9365-4a963542620f",
    "data": [
      {
        "text": "อาคาร13ไปทางได๋",
        "userDefined": false
      }
    ],
    "isTemplate": false,
    "count": 0,
    "lang": "th",
    "updated": 0
  },
  {
    "id": "85df72db-98d9-4e76-ae32-c422bdda981e",
    "data": [
      {
        "text": "วิธีไปอาคาร13",
        "userDefined": false
      }
    ],
    "isTemplate": false,
    "count": 0,
    "lang": "th",
    "updated": 0
  },
  {
    "id": "9851e252-ec51-49b5-a40a-831c523a4c86",
    "data": [
      {
        "text": "มีทางไปอาคาร13ไหม",
        "userDefined": false
      }
    ],
    "isTemplate": false,
    "count": 0,
    "lang": "th",
    "updated": 0
  },
  {
    "id": "a26e2d45-22bd-4a2a-9825-eed3745bec2e",
    "data": [
      {
        "text": "ถ้าจะไปอาคาร13ไปทางไหน",
        "userDefined": false
      }
    ],
    "isTemplate": false,
    "count": 0,
    "lang": "th",
    "updated": 0
  },
  {
    "id": "41d193a2-236e-48b3-9297-6f5da011dda9",
    "data": [
      {
        "text": "มีเส้นทางทางใดที่จะไปอาคาร13",
        "userDefined": false
      }
    ],
    "isTemplate": false,
    "count": 0,
    "lang": "th",
    "updated": 0
  },
  {
    "id": "5a8ff85c-c7af-4d56-82cc-49b3a7c23f1d",
    "data": [
      {
        "text": "ควรใช้ทางไหนเพื่อไปอาคาร13",
        "userDefined": false
      }
    ],
    "isTemplate": false,
    "count": 0,
    "lang": "th",
    "updated": 0
  },
  {
    "id": "1bd5d8dc-21d2-4f82-bc9c-194a4a14963d",
    "data": [
      {
        "text": "แนะนำเส้นทางใดไปอาคาร13หน่อย",
        "userDefined": false
      }
    ],
    "isTemplate": false,
    "count": 0,
    "lang": "th",
    "updated": 0
  },
  {
    "id": "0139ea96-1744-41eb-922e-eb8085b8570a",
    "data": [
      {
        "text": "เส้นทางไปยังอาคาร13",
        "userDefined": false
      }
    ],
    "isTemplate": false,
    "count": 0,
    "lang": "th",
    "updated": 0
  },
  {
    "id": "f881ef52-a5ba-4704-9b84-c41d6f16588e",
    "data": [
      {
        "text": "ขอตำแหน่งอาคาร13",
        "userDefined": false
      }
    ],
    "isTemplate": false,
    "count": 0,
    "lang": "th",
    "updated": 0
  },
  {
    "id": "e18871a6-923f-4bb9-a8df-38537f2fe8f3",
    "data": [
      {
        "text": "ที่ตั้ง.อาคาร13",
        "meta": "@sys.location",
        "alias": "location",
        "userDefined": false
      }
    ],
    "isTemplate": false,
    "count": 0,
    "lang": "th",
    "updated": 0
  },
  {
    "id": "22c42ead-81db-4c05-ad0f-93f6d461cd92",
    "data": [
      {
        "text": "จะไปยังอาคาร13ได้ยังไง",
        "userDefined": false
      }
    ],
    "isTemplate": false,
    "count": 0,
    "lang": "th",
    "updated": 0
  },
  {
    "id": "57b7b0b4-df34-4fb0-a939-182526b1e973",
    "data": [
      {
        "text": "อาคาร13อยู่ตรงไหน",
        "userDefined": false
      }
    ],
    "isTemplate": false,
    "count": 0,
    "lang": "th",
    "updated": 0
  },
  {
    "id": "39670641-3d60-4ba0-9e58-812bf429da8f",
    "data": [
      {
        "text": "ขอเส้นทางไปอาคาร13",
        "userDefined": false
      }
    ],
    "isTemplate": false,
    "count": 0,
    "lang": "th",
    "updated": 0
  },
  {
    "id": "b923b596-00ec-44e8-8d0f-f9fc454cdb90",
    "data": [
      {
        "text": "อาคาร13อยู่ที่ไหน",
        "userDefined": false
      }
    ],
    "isTemplate": false,
    "count": 0,
    "lang": "th",
    "updated": 0
  },
  {
    "id": "9d06118c-a2b4-47dd-99ed-fca9f61fdf0f",
    "data": [
      {
        "text": "อยากไปอาคาร13",
        "userDefined": false
      }
    ],
    "isTemplate": false,
    "count": 0,
    "lang": "th",
    "updated": 0
  },
  {
    "id": "8b320555-a069-4007-a6d1-c0e032c2d30d",
    "data": [
      {
        "text": "ไปอาคาร13",
        "userDefined": false
      }
    ],
    "isTemplate": false,
    "count": 0,
    "lang": "th",
    "updated": 0
  },
  {
    "id": "4f33c508-72a6-4f3e-9360-78be6e08e4c8",
    "data": [
      {
        "text": "ทางไปอาคาร13",
        "userDefined": false
      }
    ],
    "isTemplate": false,
    "count": 0,
    "lang": "th",
    "updated": 0
  },
  {
    "id": "974af3ea-6209-41aa-9951-c57a4a649651",
    "data": [
      {
        "text": "ทางไปพิพิธภัณฑ์องค์ความรู้",
        "userDefined": false
      }
    ],
    "isTemplate": false,
    "count": 0,
    "lang": "th",
    "updated": 0
  }
]