[
  {
    "id": "c07def57-8cff-4d2f-84e8-f43e4f6ea876",
    "data": [
      {
        "text": "ถ้าต้องเดินทางไปอาคาร14",
        "userDefined": false
      }
    ],
    "isTemplate": false,
    "count": 0,
    "lang": "th",
    "updated": 0
  },
  {
    "id": "0083d0ca-551a-4be7-9789-f3f378d49587",
    "data": [
      {
        "text": "แนะนำเส้นทางใดสำหรับเดินทางไปอาคาร14",
        "userDefined": false
      }
    ],
    "isTemplate": false,
    "count": 0,
    "lang": "th",
    "updated": 0
  },
  {
    "id": "e2643710-9622-462a-a979-dd67ffa4c775",
    "data": [
      {
        "text": "มีทางไปอาคาร14ทาใดบ้าง",
        "userDefined": false
      }
    ],
    "isTemplate": false,
    "count": 0,
    "lang": "th",
    "updated": 0
  },
  {
    "id": "19198538-ef1f-4ea8-b122-fc9a8a002a05",
    "data": [
      {
        "text": "อาคาร14อยู่ตรงไหนในมหาลัย",
        "userDefined": false
      }
    ],
    "isTemplate": false,
    "count": 0,
    "lang": "th",
    "updated": 0
  },
  {
    "id": "d9170b49-dd9c-4f83-9d06-24d0dcdcff4d",
    "data": [
      {
        "text": "มีเส้นทาง",
        "userDefined": false
      },
      {
        "text": "อะไร",
        "meta": "@what",
        "alias": "what",
        "userDefined": false
      },
      {
        "text": "ใช้ไปอาคาร14",
        "userDefined": false
      }
    ],
    "isTemplate": false,
    "count": 0,
    "lang": "th",
    "updated": 0
  },
  {
    "id": "735c844c-9e42-4cce-a0a8-b2e561aa6150",
    "data": [
      {
        "text": "ไปยังไงอาคาร14",
        "userDefined": false
      }
    ],
    "isTemplate": false,
    "count": 0,
    "lang": "th",
    "updated": 0
  },
  {
    "id": "fbff72dc-0107-4862-96f8-e582f1e862b9",
    "data": [
      {
        "text": "ไปยังไงตึก14",
        "userDefined": false
      }
    ],
    "isTemplate": false,
    "count": 0,
    "lang": "th",
    "updated": 0
  },
  {
    "id": "4ef511d7-a4a0-45a5-b1ce-704f185dcd81",
    "data": [
      {
        "text": "ไปยังไง14",
        "userDefined": false
      }
    ],
    "isTemplate": false,
    "count": 0,
    "lang": "th",
    "updated": 0
  },
  {
    "id": "2cbd0382-b178-400c-b933-0cb128cfa415",
    "data": [
      {
        "text": "ไปยังไงอาคารที่14",
        "userDefined": false
      }
    ],
    "isTemplate": false,
    "count": 0,
    "lang": "th",
    "updated": 0
  },
  {
    "id": "72cba76e-bb2b-4fe0-b25f-e7b27fc9e891",
    "data": [
      {
        "text": "อยากได้แผนที่อาคาร14",
        "userDefined": false
      }
    ],
    "isTemplate": false,
    "count": 0,
    "lang": "th",
    "updated": 0
  },
  {
    "id": "7b21c4ee-6c2f-46d0-b84b-b17b04d97c53",
    "data": [
      {
        "text": "อยากไปอาคารหมายเลข14",
        "userDefined": false
      }
    ],
    "isTemplate": false,
    "count": 0,
    "lang": "th",
    "updated": 0
  },
  {
    "id": "16d577a3-c6f2-46d6-9f9d-616de63a6e26",
    "data": [
      {
        "text": "ตั้งอยู่ไหนอาคาร14",
        "userDefined": false
      }
    ],
    "isTemplate": false,
    "count": 0,
    "lang": "th",
    "updated": 0
  },
  {
    "id": "89ff033b-9564-4486-898a-6a56fc147c72",
    "data": [
      {
        "text": "อยู่ตรงไหนอาคาร14",
        "userDefined": false
      }
    ],
    "isTemplate": false,
    "count": 0,
    "lang": "th",
    "updated": 0
  },
  {
    "id": "1623a349-d3cc-4c7f-a38e-8ff7a5f00360",
    "data": [
      {
        "text": "อาคาร14อยู่ไส",
        "userDefined": false
      }
    ],
    "isTemplate": false,
    "count": 0,
    "lang": "th",
    "updated": 0
  },
  {
    "id": "5b164e92-1f32-4b13-8172-7a7c654c8fe8",
    "data": [
      {
        "text": "อาคาร14ไปจั่งไส",
        "userDefined": false
      }
    ],
    "isTemplate": false,
    "count": 0,
    "lang": "th",
    "updated": 0
  },
  {
    "id": "fc3861a5-480a-45ec-b539-3390e879e06c",
    "data": [
      {
        "text": "ไปจั่งไสอาคาร14",
        "userDefined": false
      }
    ],
    "isTemplate": false,
    "count": 0,
    "lang": "th",
    "updated": 0
  },
  {
    "id": "82881bf8-d581-446a-8438-07ab5f72fae1",
    "data": [
      {
        "text": "อาคาร14ไปทางได๋",
        "userDefined": false
      }
    ],
    "isTemplate": false,
    "count": 0,
    "lang": "th",
    "updated": 0
  },
  {
    "id": "11427ffd-40d4-4440-a9ca-c9495091daf7",
    "data": [
      {
        "text": "วิธีไปอาคาร14",
        "userDefined": false
      }
    ],
    "isTemplate": false,
    "count": 0,
    "lang": "th",
    "updated": 0
  },
  {
    "id": "ed779e92-7e07-4701-9a0a-f08e28f230e1",
    "data": [
      {
        "text": "มีทางไปอาคาร14ไหม",
        "userDefined": false
      }
    ],
    "isTemplate": false,
    "count": 0,
    "lang": "th",
    "updated": 0
  },
  {
    "id": "271b6b71-3033-4867-99c1-461a08b89691",
    "data": [
      {
        "text": "ถ้าจะไปอาคาร14ไปทางไหน",
        "userDefined": false
      }
    ],
    "isTemplate": false,
    "count": 0,
    "lang": "th",
    "updated": 0
  },
  {
    "id": "7bfcbf13-732c-42e3-8cfe-87da7ff000b9",
    "data": [
      {
        "text": "มีเส้นทางทางใดที่จะไปอาคาร14",
        "userDefined": false
      }
    ],
    "isTemplate": false,
    "count": 0,
    "lang": "th",
    "updated": 0
  },
  {
    "id": "60004d56-fdac-4622-8e01-199329cd7661",
    "data": [
      {
        "text": "ควรใช้ทางไหนเพื่อไปอาคาร14",
        "userDefined": false
      }
    ],
    "isTemplate": false,
    "count": 0,
    "lang": "th",
    "updated": 0
  },
  {
    "id": "d43588c2-db94-40f8-80f7-b0230121cf48",
    "data": [
      {
        "text": "แนะนำเส้นทางไปอาคาร14หน่อย",
        "userDefined": false
      }
    ],
    "isTemplate": false,
    "count": 0,
    "lang": "th",
    "updated": 0
  },
  {
    "id": "99bbfd8b-708a-4e56-bc65-5d1686c4adab",
    "data": [
      {
        "text": "เส้นทางไปยังอาคาร14",
        "userDefined": false
      }
    ],
    "isTemplate": false,
    "count": 0,
    "lang": "th",
    "updated": 0
  },
  {
    "id": "1ad4921f-ee6b-4ddb-ba8b-7f25d952f2d1",
    "data": [
      {
        "text": "ขอตำแหน่งอาคาร14",
        "userDefined": false
      }
    ],
    "isTemplate": false,
    "count": 0,
    "lang": "th",
    "updated": 0
  },
  {
    "id": "34fc049f-7ca8-439e-853a-3689d47ef51d",
    "data": [
      {
        "text": "ที่ตั้ง.อาคาร14",
        "meta": "@sys.location",
        "alias": "location",
        "userDefined": false
      }
    ],
    "isTemplate": false,
    "count": 0,
    "lang": "th",
    "updated": 0
  },
  {
    "id": "3f6c5410-09fe-459f-bf84-b66676508f71",
    "data": [
      {
        "text": "จะไปยังอาคาร14ได้ยังไง",
        "userDefined": false
      }
    ],
    "isTemplate": false,
    "count": 0,
    "lang": "th",
    "updated": 0
  },
  {
    "id": "7c7116ba-56d9-4a17-ab16-97f268c217ed",
    "data": [
      {
        "text": "อาคาร14อยู่ตรงไหน",
        "userDefined": false
      }
    ],
    "isTemplate": false,
    "count": 0,
    "lang": "th",
    "updated": 0
  },
  {
    "id": "8e69c37c-e722-4ff6-ac13-bd6ebeea8a84",
    "data": [
      {
        "text": "ขอเส้นทางไปอาคาร14",
        "userDefined": false
      }
    ],
    "isTemplate": false,
    "count": 0,
    "lang": "th",
    "updated": 0
  },
  {
    "id": "2ccaefd3-5490-4399-bfdb-296cb71d01d6",
    "data": [
      {
        "text": "อาคาร14อยู่ที่ไหน",
        "userDefined": false
      }
    ],
    "isTemplate": false,
    "count": 0,
    "lang": "th",
    "updated": 0
  },
  {
    "id": "b32967c4-c15b-490d-b584-8ea2d359231b",
    "data": [
      {
        "text": "อยากไปอาคาร14",
        "userDefined": false
      }
    ],
    "isTemplate": false,
    "count": 0,
    "lang": "th",
    "updated": 0
  },
  {
    "id": "3e0542b6-c89b-4df2-bd9e-d0cd5b685056",
    "data": [
      {
        "text": "ไปอาคาร14",
        "userDefined": false
      }
    ],
    "isTemplate": false,
    "count": 0,
    "lang": "th",
    "updated": 0
  },
  {
    "id": "069fdd8b-70e0-4278-9411-3e9a9374d0ec",
    "data": [
      {
        "text": "ทางไปอาคาร14",
        "userDefined": false
      }
    ],
    "isTemplate": false,
    "count": 0,
    "lang": "th",
    "updated": 0
  },
  {
    "id": "e1811c32-6831-4d56-85fc-e95f9f997faf",
    "data": [
      {
        "text": "ทางไปอาคารวิทยาเขตเฉลิมพระเกียรติ",
        "userDefined": false
      }
    ],
    "isTemplate": false,
    "count": 0,
    "lang": "th",
    "updated": 0
  }
]