[
  {
    "id": "a1bbc55f-ce62-40b8-976a-747503222156",
    "data": [
      {
        "text": "ถ้าต้องการเดินทางไปอาคาร5",
        "userDefined": false
      }
    ],
    "isTemplate": false,
    "count": 0,
    "lang": "th",
    "updated": 0
  },
  {
    "id": "e3651ad3-e380-4f4a-8d84-d64c09d4758e",
    "data": [
      {
        "text": "แนะนำเส้นทางใดสำหรับการเดินทางไป อาคาร5",
        "userDefined": false
      }
    ],
    "isTemplate": false,
    "count": 0,
    "lang": "th",
    "updated": 0
  },
  {
    "id": "5dc66068-c5ad-4739-b504-3a2b599662b3",
    "data": [
      {
        "text": "มีทางไปอาคาร5ทางใดบ้าง",
        "userDefined": false
      }
    ],
    "isTemplate": false,
    "count": 0,
    "lang": "th",
    "updated": 0
  },
  {
    "id": "9db6b7c4-7781-4635-a9d5-5a85ca781e30",
    "data": [
      {
        "text": "อาคาร5อยู่ตรงของมหาลัย",
        "userDefined": false
      }
    ],
    "isTemplate": false,
    "count": 0,
    "lang": "th",
    "updated": 0
  },
  {
    "id": "19ff7174-0c53-4adb-9b9b-e62826d26a5a",
    "data": [
      {
        "text": "มีเส้นทาง",
        "userDefined": false
      },
      {
        "text": "อะไร",
        "meta": "@what",
        "alias": "what",
        "userDefined": false
      },
      {
        "text": "ที่ใช้ไปอาคาร5",
        "userDefined": false
      }
    ],
    "isTemplate": false,
    "count": 0,
    "lang": "th",
    "updated": 0
  },
  {
    "id": "941642e2-1ab6-4613-be8b-9723e096c67a",
    "data": [
      {
        "text": "ไปยังไงอาคาร5",
        "userDefined": false
      }
    ],
    "isTemplate": false,
    "count": 0,
    "lang": "th",
    "updated": 0
  },
  {
    "id": "3e7b6ed0-3cd1-45a6-8350-9f4818e7494f",
    "data": [
      {
        "text": "ไปยังไงตึก5",
        "userDefined": false
      }
    ],
    "isTemplate": false,
    "count": 0,
    "lang": "th",
    "updated": 0
  },
  {
    "id": "07a6c31d-cc1e-449b-adea-94dcc868cfb9",
    "data": [
      {
        "text": "ไปยังไง5",
        "userDefined": false
      }
    ],
    "isTemplate": false,
    "count": 0,
    "lang": "th",
    "updated": 0
  },
  {
    "id": "0f2669b8-b052-40fe-9b83-880b646d14d0",
    "data": [
      {
        "text": "ไปยังไงอาคารที่5",
        "userDefined": false
      }
    ],
    "isTemplate": false,
    "count": 0,
    "lang": "th",
    "updated": 0
  },
  {
    "id": "f8f42efb-9a3a-44f2-a8d4-4ea4ea7e710a",
    "data": [
      {
        "text": "ไปยังไงอาคารเลขที่5",
        "userDefined": false
      }
    ],
    "isTemplate": false,
    "count": 0,
    "lang": "th",
    "updated": 0
  },
  {
    "id": "7c2a8ebd-97a2-492b-b578-58747b7541c7",
    "data": [
      {
        "text": "อยากได้แผนที่อาคาร5",
        "userDefined": false
      }
    ],
    "isTemplate": false,
    "count": 0,
    "lang": "th",
    "updated": 0
  },
  {
    "id": "cd84da5d-accb-4f2e-a62e-940b616c8f6b",
    "data": [
      {
        "text": "อยากไปอาคารหมายเลขที่5",
        "userDefined": false
      }
    ],
    "isTemplate": false,
    "count": 0,
    "lang": "th",
    "updated": 0
  },
  {
    "id": "4fcefeff-c72d-4180-8490-003204ee6f92",
    "data": [
      {
        "text": "ตั้งอยู่ไหนอาคาร5",
        "userDefined": false
      }
    ],
    "isTemplate": false,
    "count": 0,
    "lang": "th",
    "updated": 0
  },
  {
    "id": "a013ff82-03d0-4000-b100-dbcb06bd3ec3",
    "data": [
      {
        "text": "อยู่ตรงไหนอาคาร5",
        "userDefined": false
      }
    ],
    "isTemplate": false,
    "count": 0,
    "lang": "th",
    "updated": 0
  },
  {
    "id": "e27b9cd7-c565-4cd4-902a-eb654760eda3",
    "data": [
      {
        "text": "อาคาร5อยู่ไส",
        "userDefined": false
      }
    ],
    "isTemplate": false,
    "count": 0,
    "lang": "th",
    "updated": 0
  },
  {
    "id": "490a98a6-fa18-4b23-a811-e21274ee15b2",
    "data": [
      {
        "text": "อาคาร5ไปจั่งไส",
        "userDefined": false
      }
    ],
    "isTemplate": false,
    "count": 0,
    "lang": "th",
    "updated": 0
  },
  {
    "id": "1aa3361d-33bb-49bf-9e59-c5c078051029",
    "data": [
      {
        "text": "ไปจั่งไสอาคาร5",
        "userDefined": false
      }
    ],
    "isTemplate": false,
    "count": 0,
    "lang": "th",
    "updated": 0
  },
  {
    "id": "f1b33c31-1f3b-4554-8f2b-e371c613ddeb",
    "data": [
      {
        "text": "อาคาร5ไปทางได๋",
        "userDefined": false
      }
    ],
    "isTemplate": false,
    "count": 0,
    "lang": "th",
    "updated": 0
  },
  {
    "id": "2a366300-a976-4b71-9063-3cbfd238f32e",
    "data": [
      {
        "text": "วิธีไปอาคาร5",
        "userDefined": false
      }
    ],
    "isTemplate": false,
    "count": 0,
    "lang": "th",
    "updated": 0
  },
  {
    "id": "84a11318-5e6a-47d1-bcd7-e4de47363cb2",
    "data": [
      {
        "text": "มีทางไปอาคาร5ไหม",
        "userDefined": false
      }
    ],
    "isTemplate": false,
    "count": 0,
    "lang": "th",
    "updated": 0
  },
  {
    "id": "e9db71f8-3c72-480e-b0ac-03cd5cac3d0b",
    "data": [
      {
        "text": "ถ้าจะไปอาคาร5ไปทางไหน",
        "userDefined": false
      }
    ],
    "isTemplate": false,
    "count": 0,
    "lang": "th",
    "updated": 0
  },
  {
    "id": "20e5cff3-d3b3-40b5-9ade-319e52662919",
    "data": [
      {
        "text": "มีเส้นทางทางใดที่จะไปอาคาร5",
        "userDefined": false
      }
    ],
    "isTemplate": false,
    "count": 0,
    "lang": "th",
    "updated": 0
  },
  {
    "id": "95ee3a9b-84a6-4ad5-823f-374c103c81e8",
    "data": [
      {
        "text": "ควรใช้ทางไหนเพื่อไปอาคาร5",
        "userDefined": false
      }
    ],
    "isTemplate": false,
    "count": 0,
    "lang": "th",
    "updated": 0
  },
  {
    "id": "32542bab-4122-49b7-8579-3980e74a54f2",
    "data": [
      {
        "text": "แนะนำเส้นทางไปอาคาร5หน่อย",
        "userDefined": false
      }
    ],
    "isTemplate": false,
    "count": 0,
    "lang": "th",
    "updated": 0
  },
  {
    "id": "43c56a5c-a7b0-4217-8df5-a032a8f803a0",
    "data": [
      {
        "text": "เส้นทางไปยังอาคาร5",
        "userDefined": false
      }
    ],
    "isTemplate": false,
    "count": 0,
    "lang": "th",
    "updated": 0
  },
  {
    "id": "f5ba35d9-fe5e-40be-a854-6ecc63ed9a12",
    "data": [
      {
        "text": "ขอตำแหน่งอาคาร5",
        "userDefined": false
      }
    ],
    "isTemplate": false,
    "count": 0,
    "lang": "th",
    "updated": 0
  },
  {
    "id": "d4562728-3ccc-4b94-b80e-8dd65843b105",
    "data": [
      {
        "text": "ที่ตั้ง.อาคาร5",
        "meta": "@sys.location",
        "alias": "location",
        "userDefined": false
      }
    ],
    "isTemplate": false,
    "count": 0,
    "lang": "th",
    "updated": 0
  },
  {
    "id": "9641fa27-c8be-4ed6-b340-3c47c43cf3f3",
    "data": [
      {
        "text": "จะไปยังอาคาร5ได้ยังไง",
        "userDefined": false
      }
    ],
    "isTemplate": false,
    "count": 0,
    "lang": "th",
    "updated": 0
  },
  {
    "id": "10bfe702-44f9-49b7-9d06-5edfca0bd575",
    "data": [
      {
        "text": "อาคาร5อยู่ตรงไหน",
        "userDefined": false
      }
    ],
    "isTemplate": false,
    "count": 0,
    "lang": "th",
    "updated": 0
  },
  {
    "id": "34e3ece2-9729-4f42-a396-b5d43dd07a0b",
    "data": [
      {
        "text": "ขอเส้นทางไปอาคาร5",
        "userDefined": false
      }
    ],
    "isTemplate": false,
    "count": 0,
    "lang": "th",
    "updated": 0
  },
  {
    "id": "3bddbb84-7116-4e27-b1b2-03efde903a4f",
    "data": [
      {
        "text": "อาคาร5อยู่ที่ไหน",
        "userDefined": false
      }
    ],
    "isTemplate": false,
    "count": 0,
    "lang": "th",
    "updated": 0
  },
  {
    "id": "d226eb40-4d03-433a-8c71-ec03be7ea88f",
    "data": [
      {
        "text": "อยากไปอาคาร5",
        "userDefined": false
      }
    ],
    "isTemplate": false,
    "count": 0,
    "lang": "th",
    "updated": 0
  },
  {
    "id": "3a357cc1-2fb2-4f64-863c-f3834bb1e10e",
    "data": [
      {
        "text": "ไปอาคาร5",
        "userDefined": false
      }
    ],
    "isTemplate": false,
    "count": 0,
    "lang": "th",
    "updated": 0
  },
  {
    "id": "19b1f411-bb43-487d-a85d-79b3602683b2",
    "data": [
      {
        "text": "ทางไปอาคาร5",
        "userDefined": false
      }
    ],
    "isTemplate": false,
    "count": 0,
    "lang": "th",
    "updated": 0
  },
  {
    "id": "24688a54-dc2f-45d9-9a4e-e4a58034d862",
    "data": [
      {
        "text": "ทางไปหอพักนิสิตหญิง",
        "userDefined": false
      }
    ],
    "isTemplate": false,
    "count": 0,
    "lang": "th",
    "updated": 0
  }
]