[
  {
    "id": "4c83308b-800e-4c9e-8d4f-cf04cb99021d",
    "data": [
      {
        "text": "ถ้าต้องการเดินทางไปอาคาร10",
        "userDefined": false
      }
    ],
    "isTemplate": false,
    "count": 0,
    "lang": "th",
    "updated": 0
  },
  {
    "id": "c73e8c5c-4b7c-481d-acbc-fa2d90a7a1f1",
    "data": [
      {
        "text": "แนะนำเส้นทางใดสำหรับการเดินทางไป อาคาร10",
        "userDefined": false
      }
    ],
    "isTemplate": false,
    "count": 0,
    "lang": "th",
    "updated": 0
  },
  {
    "id": "debd28d1-63bb-4624-af63-9c252802cbd6",
    "data": [
      {
        "text": "มีทางไปอาคาร10ทางใดบ้าง",
        "userDefined": false
      }
    ],
    "isTemplate": false,
    "count": 0,
    "lang": "th",
    "updated": 0
  },
  {
    "id": "492a9e1b-6243-48fd-9b98-33fd7bec3662",
    "data": [
      {
        "text": "อาคาร10อยู่ตรงของมหาลัย",
        "userDefined": false
      }
    ],
    "isTemplate": false,
    "count": 0,
    "lang": "th",
    "updated": 0
  },
  {
    "id": "e808c3fd-1c27-49b0-91c4-78a469810dc2",
    "data": [
      {
        "text": "มีเส้นทาง",
        "userDefined": false
      },
      {
        "text": "อะไร",
        "meta": "@what",
        "alias": "what",
        "userDefined": false
      },
      {
        "text": "ที่ใช้ไปอาคาร10",
        "userDefined": false
      }
    ],
    "isTemplate": false,
    "count": 0,
    "lang": "th",
    "updated": 0
  },
  {
    "id": "0d03ea21-52b2-4aa7-973d-4941d6f3b8a6",
    "data": [
      {
        "text": "ไปยังไงอาคาร10",
        "userDefined": false
      }
    ],
    "isTemplate": false,
    "count": 0,
    "lang": "th",
    "updated": 0
  },
  {
    "id": "af19bbb6-d01d-42a8-bc56-854f79ffb431",
    "data": [
      {
        "text": "ไปยังไงตึก10",
        "userDefined": false
      }
    ],
    "isTemplate": false,
    "count": 0,
    "lang": "th",
    "updated": 0
  },
  {
    "id": "04235a89-6a72-4ce5-9a50-f3a065482f4c",
    "data": [
      {
        "text": "ไปยังไง10",
        "userDefined": false
      }
    ],
    "isTemplate": false,
    "count": 0,
    "lang": "th",
    "updated": 0
  },
  {
    "id": "e57686d6-aaef-45d8-bc8d-65d39fd7aaf3",
    "data": [
      {
        "text": "ไปยังไงอาคารที่10",
        "userDefined": false
      }
    ],
    "isTemplate": false,
    "count": 0,
    "lang": "th",
    "updated": 0
  },
  {
    "id": "5b2c6c34-8b9b-4f9a-bb3e-17d69f0899cb",
    "data": [
      {
        "text": "ไปยังไงอาคารเลขที่10",
        "userDefined": false
      }
    ],
    "isTemplate": false,
    "count": 0,
    "lang": "th",
    "updated": 0
  },
  {
    "id": "e5a7e191-00dd-41f8-82ae-f0efbd33f42b",
    "data": [
      {
        "text": "อยากได้แผนที่อาคาร10",
        "userDefined": false
      }
    ],
    "isTemplate": false,
    "count": 0,
    "lang": "th",
    "updated": 0
  },
  {
    "id": "48137952-4354-4432-96df-ff979fe4bcb2",
    "data": [
      {
        "text": "อยากไปอาคารหมายเลขที่10",
        "userDefined": false
      }
    ],
    "isTemplate": false,
    "count": 0,
    "lang": "th",
    "updated": 0
  },
  {
    "id": "099f048f-c9bd-4eb2-9f49-9497ab43164a",
    "data": [
      {
        "text": "ตั้งอยู่ไหนอาคาร10",
        "userDefined": false
      }
    ],
    "isTemplate": false,
    "count": 0,
    "lang": "th",
    "updated": 0
  },
  {
    "id": "55b385f4-a651-48f9-a883-1e8228e023a0",
    "data": [
      {
        "text": "อยู่ตรงไหนอาคาร10",
        "userDefined": false
      }
    ],
    "isTemplate": false,
    "count": 0,
    "lang": "th",
    "updated": 0
  },
  {
    "id": "82153506-a0ac-46bd-b5f4-4b1e3e88b575",
    "data": [
      {
        "text": "อาคาร10อยู่ไส",
        "userDefined": false
      }
    ],
    "isTemplate": false,
    "count": 0,
    "lang": "th",
    "updated": 0
  },
  {
    "id": "f66a417f-401e-4582-bedb-74d608dff652",
    "data": [
      {
        "text": "อาคาร10ไปจั่งไส",
        "userDefined": false
      }
    ],
    "isTemplate": false,
    "count": 0,
    "lang": "th",
    "updated": 0
  },
  {
    "id": "970fabd5-18a1-41ef-af11-77e7f6c774c2",
    "data": [
      {
        "text": "ไปจั่งไสอาคาร10",
        "userDefined": false
      }
    ],
    "isTemplate": false,
    "count": 0,
    "lang": "th",
    "updated": 0
  },
  {
    "id": "8ef302d0-ba3d-4f6b-9ac9-00280214646a",
    "data": [
      {
        "text": "อาคาร10ไปทางได๋",
        "userDefined": false
      }
    ],
    "isTemplate": false,
    "count": 0,
    "lang": "th",
    "updated": 0
  },
  {
    "id": "49dbfc5f-427e-4c69-8b0b-6b9208f1020e",
    "data": [
      {
        "text": "วิธีไปอาคาร10",
        "userDefined": false
      }
    ],
    "isTemplate": false,
    "count": 0,
    "lang": "th",
    "updated": 0
  },
  {
    "id": "1a40838b-fbb0-4b88-ab99-e9da19a466e7",
    "data": [
      {
        "text": "มีทางไปอาคาร10ไหม",
        "userDefined": false
      }
    ],
    "isTemplate": false,
    "count": 0,
    "lang": "th",
    "updated": 0
  },
  {
    "id": "ac1e8f20-ff2e-4dc9-b16e-6f56a1987298",
    "data": [
      {
        "text": "ถ้าจะไปอาคาร10ไปทางไหน",
        "userDefined": false
      }
    ],
    "isTemplate": false,
    "count": 0,
    "lang": "th",
    "updated": 0
  },
  {
    "id": "17943f0d-8bbb-4798-80a0-6b4ae6c0bf88",
    "data": [
      {
        "text": "มีเส้นทางทางใดที่จะไปอาคาร10",
        "userDefined": false
      }
    ],
    "isTemplate": false,
    "count": 0,
    "lang": "th",
    "updated": 0
  },
  {
    "id": "98a3a870-46cf-4a13-852a-428c62689bd1",
    "data": [
      {
        "text": "ควรใช้ทางไหนเพื่อไปอาคาร10",
        "userDefined": false
      }
    ],
    "isTemplate": false,
    "count": 0,
    "lang": "th",
    "updated": 0
  },
  {
    "id": "90902bf2-018b-42c1-81d4-06aaae6fa384",
    "data": [
      {
        "text": "แนะนำเส้นทางไปอาคาร10หน่อย",
        "userDefined": false
      }
    ],
    "isTemplate": false,
    "count": 0,
    "lang": "th",
    "updated": 0
  },
  {
    "id": "4baa310e-c864-43a6-af64-dd092b4a6cb6",
    "data": [
      {
        "text": "เส้นทางไปยังอาคาร10",
        "userDefined": false
      }
    ],
    "isTemplate": false,
    "count": 0,
    "lang": "th",
    "updated": 0
  },
  {
    "id": "587a3026-32b9-4712-9b30-3432c605e225",
    "data": [
      {
        "text": "ขอตำแหน่งอาคาร10",
        "userDefined": false
      }
    ],
    "isTemplate": false,
    "count": 0,
    "lang": "th",
    "updated": 0
  },
  {
    "id": "be3c4967-cf9a-4bb6-b65d-35bdad967f2c",
    "data": [
      {
        "text": "ที่ตั้ง.อาคาร10",
        "meta": "@sys.location",
        "alias": "location",
        "userDefined": false
      }
    ],
    "isTemplate": false,
    "count": 0,
    "lang": "th",
    "updated": 0
  },
  {
    "id": "3e8a66c5-7622-40d3-ac99-441132921cf4",
    "data": [
      {
        "text": "จะไปยังอาคาร10ได้ยังไง",
        "userDefined": false
      }
    ],
    "isTemplate": false,
    "count": 0,
    "lang": "th",
    "updated": 0
  },
  {
    "id": "a90b5fce-0fe6-41ff-9758-e46bb45f4a25",
    "data": [
      {
        "text": "อาคาร10อยู่ตรงไหน",
        "userDefined": false
      }
    ],
    "isTemplate": false,
    "count": 0,
    "lang": "th",
    "updated": 0
  },
  {
    "id": "efa4f431-82ca-4648-a7dc-09f831eeb6f9",
    "data": [
      {
        "text": "ขอเส้นทางไปอาคาร10",
        "userDefined": false
      }
    ],
    "isTemplate": false,
    "count": 0,
    "lang": "th",
    "updated": 0
  },
  {
    "id": "e161f1d1-f1e6-4645-816c-f18555c807c6",
    "data": [
      {
        "text": "อาคาร10อยู่ที่ไหน",
        "userDefined": false
      }
    ],
    "isTemplate": false,
    "count": 0,
    "lang": "th",
    "updated": 0
  },
  {
    "id": "62bb78d6-cff3-40a7-a153-34c88a1c435f",
    "data": [
      {
        "text": "อยากไปอาคาร10",
        "userDefined": false
      }
    ],
    "isTemplate": false,
    "count": 0,
    "lang": "th",
    "updated": 0
  },
  {
    "id": "f7e8447c-a979-43f9-bd3e-3df95cdbadd6",
    "data": [
      {
        "text": "ไปอาคาร10",
        "userDefined": false
      }
    ],
    "isTemplate": false,
    "count": 0,
    "lang": "th",
    "updated": 0
  },
  {
    "id": "ceeac916-6077-4c0d-a937-0fcbc89c47b4",
    "data": [
      {
        "text": "ทางไปอาคาร10",
        "userDefined": false
      }
    ],
    "isTemplate": false,
    "count": 0,
    "lang": "th",
    "updated": 0
  },
  {
    "id": "e3a0f890-8b8e-4669-b0ac-de221349ef47",
    "data": [
      {
        "text": "ทางไปโรงอาหารกลาง",
        "userDefined": false
      }
    ],
    "isTemplate": false,
    "count": 0,
    "lang": "th",
    "updated": 0
  }
]