[
  {
    "id": "745ea911-07f5-417c-9159-1d73d90031e7",
    "data": [
      {
        "text": "ถ้าต้องการเดินทางไปอาคาร16",
        "userDefined": false
      }
    ],
    "isTemplate": false,
    "count": 0,
    "lang": "th",
    "updated": 0
  },
  {
    "id": "e6fc592e-e0a2-4242-a619-692fd1719c07",
    "data": [
      {
        "text": "แนะนำเส้นทางใดสำหรับการเดินทางไป อาคาร16",
        "userDefined": false
      }
    ],
    "isTemplate": false,
    "count": 0,
    "lang": "th",
    "updated": 0
  },
  {
    "id": "c1244a3e-d972-4978-9856-2e4bca2053c8",
    "data": [
      {
        "text": "มีทางไปอาคาร",
        "userDefined": false
      },
      {
        "text": "16ทาง",
        "meta": "@sys.location",
        "alias": "location",
        "userDefined": false
      },
      {
        "text": "ใดบ้าง",
        "userDefined": false
      }
    ],
    "isTemplate": false,
    "count": 0,
    "lang": "th",
    "updated": 0
  },
  {
    "id": "8122ab7a-b830-4814-8241-6611b63c2f07",
    "data": [
      {
        "text": "อาคาร16อยู่ตรงของมหาลัย",
        "userDefined": false
      }
    ],
    "isTemplate": false,
    "count": 0,
    "lang": "th",
    "updated": 0
  },
  {
    "id": "bdac761a-dc62-4dc8-b168-6c921e869cf1",
    "data": [
      {
        "text": "มีเส้นทางอะไรที่ใช้ไปอาคาร16",
        "userDefined": false
      }
    ],
    "isTemplate": false,
    "count": 0,
    "lang": "th",
    "updated": 0
  },
  {
    "id": "20cc88a9-7f05-4abe-911f-0e67d34b9281",
    "data": [
      {
        "text": "ไปยังไงอาคาร16",
        "userDefined": false
      }
    ],
    "isTemplate": false,
    "count": 0,
    "lang": "th",
    "updated": 0
  },
  {
    "id": "e4ae02de-c2dd-410c-9e5b-b74c70c1b238",
    "data": [
      {
        "text": "ไปยังไงตึก16",
        "userDefined": false
      }
    ],
    "isTemplate": false,
    "count": 0,
    "lang": "th",
    "updated": 0
  },
  {
    "id": "4465126d-83db-428a-a5d5-88006b89c23f",
    "data": [
      {
        "text": "ไปยังไง16",
        "userDefined": false
      }
    ],
    "isTemplate": false,
    "count": 0,
    "lang": "th",
    "updated": 0
  },
  {
    "id": "f7e3dbe7-dc29-4fae-a304-46b95d217009",
    "data": [
      {
        "text": "ไปยังไงอาคารที่16",
        "userDefined": false
      }
    ],
    "isTemplate": false,
    "count": 0,
    "lang": "th",
    "updated": 0
  },
  {
    "id": "4823efe7-d2f2-41fc-8d5c-5b77e0fd76b4",
    "data": [
      {
        "text": "ไปยังไงอาคารเลขที่16",
        "userDefined": false
      }
    ],
    "isTemplate": false,
    "count": 0,
    "lang": "th",
    "updated": 0
  },
  {
    "id": "700b390f-1072-474c-a22a-7d2dd0eb4c89",
    "data": [
      {
        "text": "อยากได้แผนที่อาคาร16",
        "userDefined": false
      }
    ],
    "isTemplate": false,
    "count": 0,
    "lang": "th",
    "updated": 0
  },
  {
    "id": "195feefc-06ae-4b28-8214-51cbabf89fe3",
    "data": [
      {
        "text": "อยากไปอาคารหมายเลขที่16",
        "userDefined": false
      }
    ],
    "isTemplate": false,
    "count": 0,
    "lang": "th",
    "updated": 0
  },
  {
    "id": "3fbe7391-2ee5-4713-957b-b08c0eb07fa0",
    "data": [
      {
        "text": "ตั้งอยู่ไหนอาคาร16",
        "userDefined": false
      }
    ],
    "isTemplate": false,
    "count": 0,
    "lang": "th",
    "updated": 0
  },
  {
    "id": "f4196365-cf97-4db8-b393-04f74f36b166",
    "data": [
      {
        "text": "อยู่ตรงไหนอาคาร16",
        "userDefined": false
      }
    ],
    "isTemplate": false,
    "count": 0,
    "lang": "th",
    "updated": 0
  },
  {
    "id": "4f83b1ba-8e65-41de-930d-1ce33696d7a0",
    "data": [
      {
        "text": "อาคาร16อยู่ไส",
        "userDefined": false
      }
    ],
    "isTemplate": false,
    "count": 0,
    "lang": "th",
    "updated": 0
  },
  {
    "id": "d77a772d-34ae-4669-9b8c-c63dda314a18",
    "data": [
      {
        "text": "อาคาร16ไปจั่งไส",
        "userDefined": false
      }
    ],
    "isTemplate": false,
    "count": 0,
    "lang": "th",
    "updated": 0
  },
  {
    "id": "5547441f-dd62-422a-8049-ac435f14b23a",
    "data": [
      {
        "text": "ไปจั่งไสอาคาร16",
        "userDefined": false
      }
    ],
    "isTemplate": false,
    "count": 0,
    "lang": "th",
    "updated": 0
  },
  {
    "id": "878817dd-591a-4bf8-8c63-51f9787f63e5",
    "data": [
      {
        "text": "อาคาร16ไปทางได๋",
        "userDefined": false
      }
    ],
    "isTemplate": false,
    "count": 0,
    "lang": "th",
    "updated": 0
  },
  {
    "id": "44625160-101d-43ce-b085-c486cc27738f",
    "data": [
      {
        "text": "วิธีไปอาคาร16",
        "userDefined": false
      }
    ],
    "isTemplate": false,
    "count": 0,
    "lang": "th",
    "updated": 0
  },
  {
    "id": "8577cbaf-6a83-4b8d-b1c6-25cf54ed7649",
    "data": [
      {
        "text": "มีทางไปอาคาร16ไหม",
        "userDefined": false
      }
    ],
    "isTemplate": false,
    "count": 0,
    "lang": "th",
    "updated": 0
  },
  {
    "id": "9f8242ce-57d3-4bb8-b7e8-e6ca177433ab",
    "data": [
      {
        "text": "ถ้าจะไปอาคาร16ไปทางไหน",
        "userDefined": false
      }
    ],
    "isTemplate": false,
    "count": 0,
    "lang": "th",
    "updated": 0
  },
  {
    "id": "22222873-e532-4dba-b456-21ce557fff55",
    "data": [
      {
        "text": "มีเส้นทางทางใดที่จะไปอาคาร16",
        "userDefined": false
      }
    ],
    "isTemplate": false,
    "count": 0,
    "lang": "th",
    "updated": 0
  },
  {
    "id": "cb6b587a-9840-43bb-be86-5605d54fe1e1",
    "data": [
      {
        "text": "ควรใช้ทางไหนเพื่อไปอาคาร16",
        "userDefined": false
      }
    ],
    "isTemplate": false,
    "count": 0,
    "lang": "th",
    "updated": 0
  },
  {
    "id": "23d4bf39-29ff-4754-9a76-8fcf0b2c41c9",
    "data": [
      {
        "text": "แนะนำเส้นทางใดไปอาคาร16หน่อย",
        "userDefined": false
      }
    ],
    "isTemplate": false,
    "count": 0,
    "lang": "th",
    "updated": 0
  },
  {
    "id": "bf2d5ab8-9c66-4716-bbc8-a9f376d42231",
    "data": [
      {
        "text": "เส้นทางไปยังอาคาร16",
        "userDefined": false
      }
    ],
    "isTemplate": false,
    "count": 0,
    "lang": "th",
    "updated": 0
  },
  {
    "id": "e0a34504-c0dc-4305-835e-1a87565cf57c",
    "data": [
      {
        "text": "ขอตำแหน่งอาคาร16",
        "userDefined": false
      }
    ],
    "isTemplate": false,
    "count": 0,
    "lang": "th",
    "updated": 0
  },
  {
    "id": "350a407e-9a16-4795-a23f-b13623bfbae6",
    "data": [
      {
        "text": "ที่ตั้ง.อาคาร16",
        "meta": "@sys.location",
        "alias": "location",
        "userDefined": false
      }
    ],
    "isTemplate": false,
    "count": 0,
    "lang": "th",
    "updated": 0
  },
  {
    "id": "81029a78-aaa9-42c0-8285-f47d7291da1f",
    "data": [
      {
        "text": "จะไปยังอาคาร16ได้ยังไง",
        "userDefined": false
      }
    ],
    "isTemplate": false,
    "count": 0,
    "lang": "th",
    "updated": 0
  },
  {
    "id": "13f9b26a-7f37-49a2-a2e0-340084ecbbca",
    "data": [
      {
        "text": "อาคาร16อยู่ตรงไหน",
        "userDefined": false
      }
    ],
    "isTemplate": false,
    "count": 0,
    "lang": "th",
    "updated": 0
  },
  {
    "id": "33a85f6b-9353-4da9-bb01-7b8de6240455",
    "data": [
      {
        "text": "ขอเส้นทางไปอาคาร16",
        "userDefined": false
      }
    ],
    "isTemplate": false,
    "count": 0,
    "lang": "th",
    "updated": 0
  },
  {
    "id": "327e9831-7518-43d6-84e8-a071681b5daf",
    "data": [
      {
        "text": "อาคาร16อยู่ที่ไหน",
        "userDefined": false
      }
    ],
    "isTemplate": false,
    "count": 0,
    "lang": "th",
    "updated": 0
  },
  {
    "id": "386b6cf9-274b-4835-afea-519fc619a42d",
    "data": [
      {
        "text": "อยากไปอาคาร16",
        "userDefined": false
      }
    ],
    "isTemplate": false,
    "count": 0,
    "lang": "th",
    "updated": 0
  },
  {
    "id": "d0c2bf1f-8507-4e14-9bad-dc27d5a86bf3",
    "data": [
      {
        "text": "ไปอาคาร16",
        "userDefined": false
      }
    ],
    "isTemplate": false,
    "count": 0,
    "lang": "th",
    "updated": 0
  },
  {
    "id": "c2eae3a6-4537-432f-addc-423cc17af4c4",
    "data": [
      {
        "text": "ทางไปอาคาร16",
        "userDefined": false
      }
    ],
    "isTemplate": false,
    "count": 0,
    "lang": "th",
    "updated": 0
  },
  {
    "id": "285673b9-37e8-4763-b2df-27c9be4b751d",
    "data": [
      {
        "text": "ทางไปอาคารสถานพยาบาล",
        "userDefined": false
      }
    ],
    "isTemplate": false,
    "count": 0,
    "lang": "th",
    "updated": 0
  }
]