[
  {
    "id": "fe35e62f-f06b-45fd-bfb3-064cd0c98118",
    "data": [
      {
        "text": "ถ้าต้องการเดินทางไปอาคาร7",
        "userDefined": false
      }
    ],
    "isTemplate": false,
    "count": 0,
    "lang": "th",
    "updated": 0
  },
  {
    "id": "7efd6057-4ab0-471d-86c1-12923a8ca1c0",
    "data": [
      {
        "text": "แนะนำเส้นทางใดสำหรับการเดินทางไป อาคาร7",
        "userDefined": false
      }
    ],
    "isTemplate": false,
    "count": 0,
    "lang": "th",
    "updated": 0
  },
  {
    "id": "b4758361-e0c4-4af2-922f-fcfc213fdd2c",
    "data": [
      {
        "text": "มีทางไปอาคาร7ทางใดบ้าง",
        "userDefined": false
      }
    ],
    "isTemplate": false,
    "count": 0,
    "lang": "th",
    "updated": 0
  },
  {
    "id": "53589de0-9828-4e0f-b4b0-7384a85aa573",
    "data": [
      {
        "text": "อาคาร7อยู่ตรงของมหาลัย",
        "userDefined": false
      }
    ],
    "isTemplate": false,
    "count": 0,
    "lang": "th",
    "updated": 0
  },
  {
    "id": "7875fdde-0f50-4ea0-bf51-6b948122a0e3",
    "data": [
      {
        "text": "มีเส้นทาง",
        "userDefined": false
      },
      {
        "text": "อะไร",
        "meta": "@what",
        "alias": "what",
        "userDefined": false
      },
      {
        "text": "ที่ใช้ไปอาคาร7",
        "userDefined": false
      }
    ],
    "isTemplate": false,
    "count": 0,
    "lang": "th",
    "updated": 0
  },
  {
    "id": "4934d913-7bed-4cf4-b4a3-37ecbbb33a4d",
    "data": [
      {
        "text": "ไปยังไงอาคาร7",
        "userDefined": false
      }
    ],
    "isTemplate": false,
    "count": 0,
    "lang": "th",
    "updated": 0
  },
  {
    "id": "ffd82c09-4d18-4e50-b507-d6cd68b9a5ce",
    "data": [
      {
        "text": "ไปยังไงตึก7",
        "userDefined": false
      }
    ],
    "isTemplate": false,
    "count": 0,
    "lang": "th",
    "updated": 0
  },
  {
    "id": "157cc43c-c345-48e8-8a63-57380599adc8",
    "data": [
      {
        "text": "ไปยังไง7",
        "userDefined": false
      }
    ],
    "isTemplate": false,
    "count": 0,
    "lang": "th",
    "updated": 0
  },
  {
    "id": "3e4cd809-6ef6-4522-8eca-3f598308165a",
    "data": [
      {
        "text": "ไปยังไงอาคารที่7",
        "userDefined": false
      }
    ],
    "isTemplate": false,
    "count": 0,
    "lang": "th",
    "updated": 0
  },
  {
    "id": "e79c0f4c-706d-4e78-82a3-7d2bb2fc55ec",
    "data": [
      {
        "text": "ไปยังไงอาคารเลขที่7",
        "userDefined": false
      }
    ],
    "isTemplate": false,
    "count": 0,
    "lang": "th",
    "updated": 0
  },
  {
    "id": "8d844e8a-a041-4633-8564-981d80b6d5e3",
    "data": [
      {
        "text": "อยากได้แผนที่อาคาร7",
        "userDefined": false
      }
    ],
    "isTemplate": false,
    "count": 0,
    "lang": "th",
    "updated": 0
  },
  {
    "id": "86da31f1-425b-48e0-96bb-8b332a7e6d36",
    "data": [
      {
        "text": "อยากไปอาคารหมายเลขที่7",
        "userDefined": false
      }
    ],
    "isTemplate": false,
    "count": 0,
    "lang": "th",
    "updated": 0
  },
  {
    "id": "b507d7bd-1fe5-44bc-b966-1e229f39ac81",
    "data": [
      {
        "text": "ตั้งอยู่ไหนอาคาร7",
        "userDefined": false
      }
    ],
    "isTemplate": false,
    "count": 0,
    "lang": "th",
    "updated": 0
  },
  {
    "id": "cd7f3d88-29e3-4f9e-93ff-13603bfe3607",
    "data": [
      {
        "text": "อยู่ตรงไหนอาคาร7",
        "userDefined": false
      }
    ],
    "isTemplate": false,
    "count": 0,
    "lang": "th",
    "updated": 0
  },
  {
    "id": "16a6b66c-1f53-480e-82d7-294684cc448d",
    "data": [
      {
        "text": "อาคาร7อยู่ไส",
        "userDefined": false
      }
    ],
    "isTemplate": false,
    "count": 0,
    "lang": "th",
    "updated": 0
  },
  {
    "id": "4d9dc187-59f8-4bbc-8f9c-4b2e7d0c8225",
    "data": [
      {
        "text": "อาคาร7ไปจั่งไส",
        "userDefined": false
      }
    ],
    "isTemplate": false,
    "count": 0,
    "lang": "th",
    "updated": 0
  },
  {
    "id": "c49e1a45-c6d6-4de8-a2bf-a193c6070b26",
    "data": [
      {
        "text": "ไปจั่งไสอาคาร7",
        "userDefined": false
      }
    ],
    "isTemplate": false,
    "count": 0,
    "lang": "th",
    "updated": 0
  },
  {
    "id": "9b539ccc-acf9-42f4-8036-1df4f7b94fc8",
    "data": [
      {
        "text": "อาคาร7ไปทางได๋",
        "userDefined": false
      }
    ],
    "isTemplate": false,
    "count": 0,
    "lang": "th",
    "updated": 0
  },
  {
    "id": "f7ee9b40-a806-4264-8eb4-44027a43cd8b",
    "data": [
      {
        "text": "วิธีไปอาคาร7",
        "userDefined": false
      }
    ],
    "isTemplate": false,
    "count": 0,
    "lang": "th",
    "updated": 0
  },
  {
    "id": "f9231362-be2f-407f-8e15-c7e160c83095",
    "data": [
      {
        "text": "มีทางไปอาคาร7ไหม",
        "userDefined": false
      }
    ],
    "isTemplate": false,
    "count": 0,
    "lang": "th",
    "updated": 0
  },
  {
    "id": "7602ab37-c90e-47f9-82e7-c1466f2885f1",
    "data": [
      {
        "text": "ถ้าจะไปอาคาร7ไปทางไหน",
        "userDefined": false
      }
    ],
    "isTemplate": false,
    "count": 0,
    "lang": "th",
    "updated": 0
  },
  {
    "id": "312c0574-9b69-4dc0-a8c9-9e1f27306a41",
    "data": [
      {
        "text": "มีเส้นทางทางใดที่จะไปอาคาร7",
        "userDefined": false
      }
    ],
    "isTemplate": false,
    "count": 0,
    "lang": "th",
    "updated": 0
  },
  {
    "id": "39e0270c-b841-4e9d-92e0-a84635cf40be",
    "data": [
      {
        "text": "ควรใช้ทางไหนเพื่อไปอาคาร7",
        "userDefined": false
      }
    ],
    "isTemplate": false,
    "count": 0,
    "lang": "th",
    "updated": 0
  },
  {
    "id": "516a0487-91ec-43bb-9bd5-fe03b09bac9b",
    "data": [
      {
        "text": "แนะนำเส้นทางไปอาคาร7หน่อย",
        "userDefined": false
      }
    ],
    "isTemplate": false,
    "count": 0,
    "lang": "th",
    "updated": 0
  },
  {
    "id": "96c5b328-f90d-40a7-bfcc-0d940312026a",
    "data": [
      {
        "text": "เส้นทางไปยังอาคาร7",
        "userDefined": false
      }
    ],
    "isTemplate": false,
    "count": 0,
    "lang": "th",
    "updated": 0
  },
  {
    "id": "25a39572-55fc-4ee8-8bf0-8c85b84a36ff",
    "data": [
      {
        "text": "ขอตำแหน่งอาคาร7",
        "userDefined": false
      }
    ],
    "isTemplate": false,
    "count": 0,
    "lang": "th",
    "updated": 0
  },
  {
    "id": "50c6432e-4b56-4a85-b159-c136c1379261",
    "data": [
      {
        "text": "ที่ตั้ง.อาคาร7",
        "meta": "@sys.location",
        "alias": "location",
        "userDefined": false
      }
    ],
    "isTemplate": false,
    "count": 0,
    "lang": "th",
    "updated": 0
  },
  {
    "id": "bec8a2f7-177b-4e11-8e1a-cc3a70489fa9",
    "data": [
      {
        "text": "จะไปยังอาคาร7ได้ยังไง",
        "userDefined": false
      }
    ],
    "isTemplate": false,
    "count": 0,
    "lang": "th",
    "updated": 0
  },
  {
    "id": "7dad5ac1-8038-4f0d-b081-2d236f8dd51d",
    "data": [
      {
        "text": "อาคาร7อยู่ตรงไหน",
        "userDefined": false
      }
    ],
    "isTemplate": false,
    "count": 0,
    "lang": "th",
    "updated": 0
  },
  {
    "id": "0c2c229a-181e-4065-a6db-4b904ca6b524",
    "data": [
      {
        "text": "ขอเส้นทางไปอาคาร7",
        "userDefined": false
      }
    ],
    "isTemplate": false,
    "count": 0,
    "lang": "th",
    "updated": 0
  },
  {
    "id": "d714248a-c753-4212-96f3-061ef2c2fba5",
    "data": [
      {
        "text": "อาคาร7อยู่ที่ไหน",
        "userDefined": false
      }
    ],
    "isTemplate": false,
    "count": 0,
    "lang": "th",
    "updated": 0
  },
  {
    "id": "b703cf47-619b-48f6-a362-1ee282013b43",
    "data": [
      {
        "text": "อยากไปอาคาร7",
        "userDefined": false
      }
    ],
    "isTemplate": false,
    "count": 0,
    "lang": "th",
    "updated": 0
  },
  {
    "id": "c20a5dda-c6e8-4b02-9307-3efd6d4c3d83",
    "data": [
      {
        "text": "ไปอาคาร7",
        "userDefined": false
      }
    ],
    "isTemplate": false,
    "count": 0,
    "lang": "th",
    "updated": 0
  },
  {
    "id": "c0a4aebd-8cc0-4330-8038-f0d5c393cd5c",
    "data": [
      {
        "text": "ทางไปอาคาร7",
        "userDefined": false
      }
    ],
    "isTemplate": false,
    "count": 0,
    "lang": "th",
    "updated": 0
  },
  {
    "id": "aafea4fa-d4f3-43cf-8a6a-a44c0a2ba58a",
    "data": [
      {
        "text": "ทางไปอาคารวิทยาศาสตร์และเทคโนโลยี",
        "userDefined": false
      }
    ],
    "isTemplate": false,
    "count": 0,
    "lang": "th",
    "updated": 0
  },
  {
    "data": [
      {
        "text": "โลเคชั่นอาคารผ7",
        "userDefined": false
      }
    ],
    "isTemplate": false,
    "count": 0,
    "lang": "th",
    "updated": 0
  }
]