[
  {
    "id": "ca467ad7-71a3-4e89-8a91-e7d34b240896",
    "data": [
      {
        "text": "ถ้าต้องการเดินทางไปอาคาร9",
        "userDefined": false
      }
    ],
    "isTemplate": false,
    "count": 0,
    "lang": "th",
    "updated": 0
  },
  {
    "id": "466bf4d3-a8a1-478f-b4f0-ecf621b07d7a",
    "data": [
      {
        "text": "แนะนำเส้นทางใดสำหรับการเดินทางไป อาคาร9",
        "userDefined": false
      }
    ],
    "isTemplate": false,
    "count": 0,
    "lang": "th",
    "updated": 0
  },
  {
    "id": "b643ad73-2a8c-4612-929c-e1ebbbb03fad",
    "data": [
      {
        "text": "มีทางไปอาคาร9ทางใดบ้าง",
        "userDefined": false
      }
    ],
    "isTemplate": false,
    "count": 0,
    "lang": "th",
    "updated": 0
  },
  {
    "id": "95a0ddef-efeb-401e-bfbd-d2f977b0f85f",
    "data": [
      {
        "text": "อาคาร9อยู่ตรงของมหาลัย",
        "userDefined": false
      }
    ],
    "isTemplate": false,
    "count": 0,
    "lang": "th",
    "updated": 0
  },
  {
    "id": "07b2d547-340e-4eb2-bb31-f5d7382d17f3",
    "data": [
      {
        "text": "มีเส้นทาง",
        "userDefined": false
      },
      {
        "text": "อะไร",
        "meta": "@what",
        "alias": "what",
        "userDefined": false
      },
      {
        "text": "ที่ใช้ไปอาคาร9",
        "userDefined": false
      }
    ],
    "isTemplate": false,
    "count": 0,
    "lang": "th",
    "updated": 0
  },
  {
    "id": "67ac8bde-3bdd-4733-bee9-a5e18e576494",
    "data": [
      {
        "text": "ไปยังไงอาคาร9",
        "userDefined": false
      }
    ],
    "isTemplate": false,
    "count": 0,
    "lang": "th",
    "updated": 0
  },
  {
    "id": "7b6537cc-ac50-42b3-b232-393bb6391138",
    "data": [
      {
        "text": "ไปยังไงตึก9",
        "userDefined": false
      }
    ],
    "isTemplate": false,
    "count": 0,
    "lang": "th",
    "updated": 0
  },
  {
    "id": "ec099fc5-4cef-434e-84a2-49048189ed0f",
    "data": [
      {
        "text": "ไปยังไง9",
        "userDefined": false
      }
    ],
    "isTemplate": false,
    "count": 0,
    "lang": "th",
    "updated": 0
  },
  {
    "id": "738134ad-ee5e-433c-915c-65b6e5771046",
    "data": [
      {
        "text": "ไปยังไงอาคารที่9",
        "userDefined": false
      }
    ],
    "isTemplate": false,
    "count": 0,
    "lang": "th",
    "updated": 0
  },
  {
    "id": "312fd762-4bdd-48d8-a2e4-9db3784da931",
    "data": [
      {
        "text": "ไปยังไงอาคารเลขที่9",
        "userDefined": false
      }
    ],
    "isTemplate": false,
    "count": 0,
    "lang": "th",
    "updated": 0
  },
  {
    "id": "21f71b5b-26bf-4dfe-9f34-b5962ef1bf5b",
    "data": [
      {
        "text": "อยากได้แผนที่อาคาร9",
        "userDefined": false
      }
    ],
    "isTemplate": false,
    "count": 0,
    "lang": "th",
    "updated": 0
  },
  {
    "id": "a33bdbfa-db07-443e-a0c0-f43e02e5b768",
    "data": [
      {
        "text": "อยากไปอาคารหมายเลขที่9",
        "userDefined": false
      }
    ],
    "isTemplate": false,
    "count": 0,
    "lang": "th",
    "updated": 0
  },
  {
    "id": "a514f467-1413-420e-bb2b-5c105f67e837",
    "data": [
      {
        "text": "ตั้งอยู่ไหนอาคาร9",
        "userDefined": false
      }
    ],
    "isTemplate": false,
    "count": 0,
    "lang": "th",
    "updated": 0
  },
  {
    "id": "4bce9efb-98cb-4365-b9ac-f4cb75898db4",
    "data": [
      {
        "text": "อยู่ตรงไหนอาคาร9",
        "userDefined": false
      }
    ],
    "isTemplate": false,
    "count": 0,
    "lang": "th",
    "updated": 0
  },
  {
    "id": "df104973-d678-4d90-92a1-827e3bc929a8",
    "data": [
      {
        "text": "อาคาร9อยู่ไส",
        "userDefined": false
      }
    ],
    "isTemplate": false,
    "count": 0,
    "lang": "th",
    "updated": 0
  },
  {
    "id": "696c5e39-74fb-44d7-af03-6ac30bbeb630",
    "data": [
      {
        "text": "อาคาร9ไปจั่งไส",
        "userDefined": false
      }
    ],
    "isTemplate": false,
    "count": 0,
    "lang": "th",
    "updated": 0
  },
  {
    "id": "d7ea6fdf-1b21-4f8a-add4-12d5f3ce72e2",
    "data": [
      {
        "text": "ไปจั่งไสอาคาร9",
        "userDefined": false
      }
    ],
    "isTemplate": false,
    "count": 0,
    "lang": "th",
    "updated": 0
  },
  {
    "id": "c29602aa-9d4d-4fd9-b2a3-1a24477d5253",
    "data": [
      {
        "text": "อาคาร9ไปทางได๋",
        "userDefined": false
      }
    ],
    "isTemplate": false,
    "count": 0,
    "lang": "th",
    "updated": 0
  },
  {
    "id": "d9c9f58a-98c8-44e6-83e8-92d3684e7767",
    "data": [
      {
        "text": "วิธีไปอาคาร9",
        "userDefined": false
      }
    ],
    "isTemplate": false,
    "count": 0,
    "lang": "th",
    "updated": 0
  },
  {
    "id": "ac4fccb8-e4ed-4d13-aa50-bc82cc5c9a43",
    "data": [
      {
        "text": "มีทางไปอาคาร9ไหม",
        "userDefined": false
      }
    ],
    "isTemplate": false,
    "count": 0,
    "lang": "th",
    "updated": 0
  },
  {
    "id": "b1f421b2-ae33-4894-8d1d-f3dc8e83e103",
    "data": [
      {
        "text": "ถ้าจะไปอาคาร9ไปทางไหน",
        "userDefined": false
      }
    ],
    "isTemplate": false,
    "count": 0,
    "lang": "th",
    "updated": 0
  },
  {
    "id": "9af6811d-a509-4fe4-8035-a09d48d045c0",
    "data": [
      {
        "text": "มีเส้นทางทางใดที่จะไปอาคาร9",
        "userDefined": false
      }
    ],
    "isTemplate": false,
    "count": 0,
    "lang": "th",
    "updated": 0
  },
  {
    "id": "85748745-792d-4f42-bff6-2ada29f0ee65",
    "data": [
      {
        "text": "ควรใช้ทางไหนเพื่อไปอาคาร9",
        "userDefined": false
      }
    ],
    "isTemplate": false,
    "count": 0,
    "lang": "th",
    "updated": 0
  },
  {
    "id": "168407d8-661e-4d2d-9082-57b048080104",
    "data": [
      {
        "text": "แนะนำเส้นทางไปอาคาร9หน่อย",
        "userDefined": false
      }
    ],
    "isTemplate": false,
    "count": 0,
    "lang": "th",
    "updated": 0
  },
  {
    "id": "82990733-8c2e-499f-ad37-61082f5f8390",
    "data": [
      {
        "text": "เส้นทางไปยังอาคาร9",
        "userDefined": false
      }
    ],
    "isTemplate": false,
    "count": 0,
    "lang": "th",
    "updated": 0
  },
  {
    "id": "412c840f-2690-4da0-b01e-9d14c3225aaa",
    "data": [
      {
        "text": "ขอตำแหน่งอาคาร9",
        "userDefined": false
      }
    ],
    "isTemplate": false,
    "count": 0,
    "lang": "th",
    "updated": 0
  },
  {
    "id": "0db88860-fa11-4548-87ca-ebd81a8d7117",
    "data": [
      {
        "text": "ที่ตั้ง.อาคาร9",
        "userDefined": false
      }
    ],
    "isTemplate": false,
    "count": 0,
    "lang": "th",
    "updated": 0
  },
  {
    "id": "006f999e-a321-4581-9858-84384effb892",
    "data": [
      {
        "text": "จะไปยังอาคาร9ได้ยังไง",
        "userDefined": false
      }
    ],
    "isTemplate": false,
    "count": 0,
    "lang": "th",
    "updated": 0
  },
  {
    "id": "56ddab8e-59b3-4bbc-ab78-bb7887ae8c45",
    "data": [
      {
        "text": "อาคาร9อยู่ตรงไหน",
        "userDefined": false
      }
    ],
    "isTemplate": false,
    "count": 0,
    "lang": "th",
    "updated": 0
  },
  {
    "id": "82071785-4430-426f-8ca1-241ebade10ba",
    "data": [
      {
        "text": "ขอเส้นทางไปอาคาร9",
        "userDefined": false
      }
    ],
    "isTemplate": false,
    "count": 0,
    "lang": "th",
    "updated": 0
  },
  {
    "id": "9d8d6426-c675-4e81-815a-59c59f22bc16",
    "data": [
      {
        "text": "อาคาร9อยู่ที่ไหน",
        "userDefined": false
      }
    ],
    "isTemplate": false,
    "count": 0,
    "lang": "th",
    "updated": 0
  },
  {
    "id": "a4dca7db-0347-425e-aaa3-0757c1450c58",
    "data": [
      {
        "text": "อยากไปอาคาร9",
        "userDefined": false
      }
    ],
    "isTemplate": false,
    "count": 0,
    "lang": "th",
    "updated": 0
  },
  {
    "id": "f4e7b32d-0c22-4081-ae85-f361afbc81df",
    "data": [
      {
        "text": "ไปอาคาร9",
        "userDefined": false
      }
    ],
    "isTemplate": false,
    "count": 0,
    "lang": "th",
    "updated": 0
  },
  {
    "id": "bbc25b95-084f-4fb8-b384-812cdb2465b7",
    "data": [
      {
        "text": "ทางไปอาคาร9",
        "userDefined": false
      }
    ],
    "isTemplate": false,
    "count": 0,
    "lang": "th",
    "updated": 0
  },
  {
    "id": "a5bd42bb-b36c-4e23-8d6e-0061c6006efd",
    "data": [
      {
        "text": "ทางไปอาคารเทคโนโลยีสารสนเทศ",
        "userDefined": false
      }
    ],
    "isTemplate": false,
    "count": 0,
    "lang": "th",
    "updated": 0
  }
]