[
  {
    "id": "348538c2-7629-4dea-9a84-95a2d3b43931",
    "data": [
      {
        "text": "ถ้าต้องการเดินทางไปอาคาร19",
        "userDefined": false
      }
    ],
    "isTemplate": false,
    "count": 0,
    "lang": "th",
    "updated": 0
  },
  {
    "id": "dae5b4e2-2852-4bbd-ae4e-78e5aac4e9fd",
    "data": [
      {
        "text": "แนะนำเส้นทางใดสำหรับการเดินทางไป อาคาร19",
        "userDefined": false
      }
    ],
    "isTemplate": false,
    "count": 0,
    "lang": "th",
    "updated": 0
  },
  {
    "id": "91a1ad45-c5d4-41b1-9e4f-cb99ff70011f",
    "data": [
      {
        "text": "มีทางไปอาคาร19ทางใดบ้าง",
        "userDefined": false
      }
    ],
    "isTemplate": false,
    "count": 0,
    "lang": "th",
    "updated": 0
  },
  {
    "id": "2d7904b8-6955-4f0b-91b2-2afc3b79d9cd",
    "data": [
      {
        "text": "อาคาร19อยู่ตรงของมหาลัย",
        "userDefined": false
      }
    ],
    "isTemplate": false,
    "count": 0,
    "lang": "th",
    "updated": 0
  },
  {
    "id": "18b759f8-ac9a-4fa5-a004-370ddce3118f",
    "data": [
      {
        "text": "มีเส้นทาง",
        "userDefined": false
      },
      {
        "text": "อะไร",
        "meta": "@what",
        "alias": "what",
        "userDefined": false
      },
      {
        "text": "ที่ใช้ไปอาคาร19",
        "userDefined": false
      }
    ],
    "isTemplate": false,
    "count": 0,
    "lang": "th",
    "updated": 0
  },
  {
    "id": "20a4aa52-8c68-4e4d-9f58-dc127895534d",
    "data": [
      {
        "text": "ไปยังไงอาคาร19",
        "userDefined": false
      }
    ],
    "isTemplate": false,
    "count": 0,
    "lang": "th",
    "updated": 0
  },
  {
    "id": "acc7eaaf-7f86-4e56-b2b7-4e5a29598201",
    "data": [
      {
        "text": "ไปยังไงตึก19",
        "userDefined": false
      }
    ],
    "isTemplate": false,
    "count": 0,
    "lang": "th",
    "updated": 0
  },
  {
    "id": "b905e50e-fb00-4fe2-9f39-fe3f4c2a7a70",
    "data": [
      {
        "text": "ไปยังไง19",
        "userDefined": false
      }
    ],
    "isTemplate": false,
    "count": 0,
    "lang": "th",
    "updated": 0
  },
  {
    "id": "954fd8f1-b298-4393-81be-04c8fe674dad",
    "data": [
      {
        "text": "ไปยังไงอาคารที่19",
        "userDefined": false
      }
    ],
    "isTemplate": false,
    "count": 0,
    "lang": "th",
    "updated": 0
  },
  {
    "id": "440eb59a-f155-43b9-ac64-fe6f9170deec",
    "data": [
      {
        "text": "ไปยังไงอาคารเลขที่19",
        "userDefined": false
      }
    ],
    "isTemplate": false,
    "count": 0,
    "lang": "th",
    "updated": 0
  },
  {
    "id": "463e0526-3bb4-43f9-9e36-18fc621bdd8b",
    "data": [
      {
        "text": "อยากได้แผนที่อาคาร19",
        "userDefined": false
      }
    ],
    "isTemplate": false,
    "count": 0,
    "lang": "th",
    "updated": 0
  },
  {
    "id": "0d968d2c-16de-4797-97dc-5c35d9a66786",
    "data": [
      {
        "text": "อยากไปอาคารหมายเลขที่19",
        "userDefined": false
      }
    ],
    "isTemplate": false,
    "count": 0,
    "lang": "th",
    "updated": 0
  },
  {
    "id": "8843bbc3-cc21-4866-98f3-0627de45d90c",
    "data": [
      {
        "text": "ตั้งอยู่ไหนอาคาร19",
        "userDefined": false
      }
    ],
    "isTemplate": false,
    "count": 0,
    "lang": "th",
    "updated": 0
  },
  {
    "id": "c7b909a7-90d0-4e02-938a-5b84ebbd2932",
    "data": [
      {
        "text": "อยู่ตรงไหนอาคาร19",
        "userDefined": false
      }
    ],
    "isTemplate": false,
    "count": 0,
    "lang": "th",
    "updated": 0
  },
  {
    "id": "f5e283a7-c333-48eb-abb8-a677574434f0",
    "data": [
      {
        "text": "อาคาร19อยู่ไส",
        "userDefined": false
      }
    ],
    "isTemplate": false,
    "count": 0,
    "lang": "th",
    "updated": 0
  },
  {
    "id": "0250f671-862f-4d17-8705-9ea68bdedd8d",
    "data": [
      {
        "text": "อาคาร19ไปจั่งไส",
        "userDefined": false
      }
    ],
    "isTemplate": false,
    "count": 0,
    "lang": "th",
    "updated": 0
  },
  {
    "id": "7aedbf91-43e2-4b10-8684-517f87b919d9",
    "data": [
      {
        "text": "ไปจั่งไสอาคาร19",
        "userDefined": false
      }
    ],
    "isTemplate": false,
    "count": 0,
    "lang": "th",
    "updated": 0
  },
  {
    "id": "fb9e05e6-896d-46bc-8509-30bd5f7ccc2d",
    "data": [
      {
        "text": "อาคาร19ไปทางได๋",
        "userDefined": false
      }
    ],
    "isTemplate": false,
    "count": 0,
    "lang": "th",
    "updated": 0
  },
  {
    "id": "d4af4fa8-aa78-4e42-9fd9-80b28147e53d",
    "data": [
      {
        "text": "วิธีไปอาคาร19",
        "userDefined": false
      }
    ],
    "isTemplate": false,
    "count": 0,
    "lang": "th",
    "updated": 0
  },
  {
    "id": "5e7c5296-290d-41b5-9e5c-6d7d4d8f9366",
    "data": [
      {
        "text": "มีทางไปอาคาร19ไหม",
        "userDefined": false
      }
    ],
    "isTemplate": false,
    "count": 0,
    "lang": "th",
    "updated": 0
  },
  {
    "id": "fb8c15e7-e4a4-420b-adb8-04dd85b27839",
    "data": [
      {
        "text": "ถ้าจะไปอาคาร19ไปทางไหน",
        "userDefined": false
      }
    ],
    "isTemplate": false,
    "count": 0,
    "lang": "th",
    "updated": 0
  },
  {
    "id": "7b2370e7-d7d5-4166-8c37-d8d0fd031055",
    "data": [
      {
        "text": "มีเส้นทางทางใดที่จะไปอาคาร19",
        "userDefined": false
      }
    ],
    "isTemplate": false,
    "count": 0,
    "lang": "th",
    "updated": 0
  },
  {
    "id": "fad5803e-0b03-40af-aa54-0eb3b1ebbc05",
    "data": [
      {
        "text": "ควรใช้ทางไหนเพื่อไปอาคาร19",
        "userDefined": false
      }
    ],
    "isTemplate": false,
    "count": 0,
    "lang": "th",
    "updated": 0
  },
  {
    "id": "abcbe7dd-bab2-40c2-814d-c296082a99e0",
    "data": [
      {
        "text": "แนะนำเส้นทางไปอาคาร19หน่อย",
        "userDefined": false
      }
    ],
    "isTemplate": false,
    "count": 0,
    "lang": "th",
    "updated": 0
  },
  {
    "id": "1c9da0a2-1549-4a2e-a21b-6dbd3490b34a",
    "data": [
      {
        "text": "เส้นทางไปยังอาคาร19",
        "userDefined": false
      }
    ],
    "isTemplate": false,
    "count": 0,
    "lang": "th",
    "updated": 0
  },
  {
    "id": "5532caa8-fac7-4ee4-903d-7554a3864f1c",
    "data": [
      {
        "text": "ขอตำแหน่งอาคาร19",
        "userDefined": false
      }
    ],
    "isTemplate": false,
    "count": 0,
    "lang": "th",
    "updated": 0
  },
  {
    "id": "943e674c-6ea5-4225-ad98-365624f6a916",
    "data": [
      {
        "text": "ที่ตั้ง.อาคาร19",
        "meta": "@sys.location",
        "alias": "location",
        "userDefined": false
      }
    ],
    "isTemplate": false,
    "count": 0,
    "lang": "th",
    "updated": 0
  },
  {
    "id": "59a7c5d6-d8a2-4d9e-b9a0-904a013a8a35",
    "data": [
      {
        "text": "จะไปยังอาคาร19ได้ยังไง",
        "userDefined": false
      }
    ],
    "isTemplate": false,
    "count": 0,
    "lang": "th",
    "updated": 0
  },
  {
    "id": "eb6f9ca9-9f0e-4a18-9acb-66d8126526b6",
    "data": [
      {
        "text": "อาคาร9อยู่ตรงไหน",
        "userDefined": false
      }
    ],
    "isTemplate": false,
    "count": 0,
    "lang": "th",
    "updated": 0
  },
  {
    "id": "ae010a61-132c-4e6b-be1a-f4cef498cf1f",
    "data": [
      {
        "text": "ขอเส้นทางไปอาคาร9",
        "userDefined": false
      }
    ],
    "isTemplate": false,
    "count": 0,
    "lang": "th",
    "updated": 0
  },
  {
    "id": "01e83e78-3fb9-4e1f-9a63-23dbe5d8a13e",
    "data": [
      {
        "text": "อาคาร9อยู่ที่ไหน",
        "userDefined": false
      }
    ],
    "isTemplate": false,
    "count": 0,
    "lang": "th",
    "updated": 0
  },
  {
    "id": "fa319b2a-8a7d-4ee7-93e5-d9145061a533",
    "data": [
      {
        "text": "อยากไปอาคาร19",
        "userDefined": false
      }
    ],
    "isTemplate": false,
    "count": 0,
    "lang": "th",
    "updated": 0
  },
  {
    "id": "46d4ac13-abf5-432a-b1fe-55101593062f",
    "data": [
      {
        "text": "ไปอาคาร19",
        "userDefined": false
      }
    ],
    "isTemplate": false,
    "count": 0,
    "lang": "th",
    "updated": 0
  },
  {
    "id": "2ed366cc-032a-4fbd-8175-e97ceb487013",
    "data": [
      {
        "text": "ทางไปอาคาร19",
        "userDefined": false
      }
    ],
    "isTemplate": false,
    "count": 0,
    "lang": "th",
    "updated": 0
  },
  {
    "id": "7c8db90f-20ba-4070-9774-20655fb74eff",
    "data": [
      {
        "text": "ทางไปอาคารปฏิบัติการด้านวิทยาศาสตร์การกีฬา",
        "userDefined": false
      }
    ],
    "isTemplate": false,
    "count": 0,
    "lang": "th",
    "updated": 0
  }
]