[
  {
    "id": "c4df43b9-9d84-441f-a5ac-207e8c19d9c0",
    "data": [
      {
        "text": "ถ้าต้องการเดินทางไปอาคาร3",
        "userDefined": false
      }
    ],
    "isTemplate": false,
    "count": 0,
    "lang": "th",
    "updated": 0
  },
  {
    "id": "e3a7d281-f7a0-4f0b-989e-a568c0755596",
    "data": [
      {
        "text": "แนะนำเส้นทางใดสำหรับการเดินทางไป อาคาร3",
        "userDefined": false
      }
    ],
    "isTemplate": false,
    "count": 0,
    "lang": "th",
    "updated": 0
  },
  {
    "id": "92cebd68-d15e-4d87-bef1-3241d1d8d04d",
    "data": [
      {
        "text": "มีทางไปอาคาร",
        "userDefined": false
      },
      {
        "text": "3ทาง",
        "meta": "@sys.location",
        "alias": "location",
        "userDefined": false
      },
      {
        "text": "ใดบ้าง",
        "userDefined": false
      }
    ],
    "isTemplate": false,
    "count": 0,
    "lang": "th",
    "updated": 0
  },
  {
    "id": "e6c95c24-77d8-45c3-bffd-da57c6b6ba10",
    "data": [
      {
        "text": "อาคาร3อยู่ตรงของมหาลัย",
        "userDefined": false
      }
    ],
    "isTemplate": false,
    "count": 0,
    "lang": "th",
    "updated": 0
  },
  {
    "id": "5d4bd6ca-a23b-4d8b-ac52-4e5cba37f297",
    "data": [
      {
        "text": "มีเส้นทางอะไรที่ใช้ไปอาคาร3",
        "userDefined": false
      }
    ],
    "isTemplate": false,
    "count": 0,
    "lang": "th",
    "updated": 0
  },
  {
    "id": "15e0708c-eeea-4f80-b5bb-33c13c2dd62e",
    "data": [
      {
        "text": "ไปยังไงอาคาร3",
        "userDefined": false
      }
    ],
    "isTemplate": false,
    "count": 0,
    "lang": "th",
    "updated": 0
  },
  {
    "id": "6ad46535-0afe-4876-8595-e3ae4becf05c",
    "data": [
      {
        "text": "ไปยังไงตึก3",
        "userDefined": false
      }
    ],
    "isTemplate": false,
    "count": 0,
    "lang": "th",
    "updated": 0
  },
  {
    "id": "defc34af-f08a-4e69-a3bc-77f424715b58",
    "data": [
      {
        "text": "ไปยังไง3",
        "userDefined": false
      }
    ],
    "isTemplate": false,
    "count": 0,
    "lang": "th",
    "updated": 0
  },
  {
    "id": "20486dc2-25c3-44f2-8ca9-a617a400aff8",
    "data": [
      {
        "text": "ไปยังไงอาคารที่3",
        "userDefined": false
      }
    ],
    "isTemplate": false,
    "count": 0,
    "lang": "th",
    "updated": 0
  },
  {
    "id": "62d9397d-9825-43a8-8902-7ebfbea65492",
    "data": [
      {
        "text": "ไปยังไงอาคารเลขที่3",
        "userDefined": false
      }
    ],
    "isTemplate": false,
    "count": 0,
    "lang": "th",
    "updated": 0
  },
  {
    "id": "a55bd2ba-2306-4e05-9654-82159a69f041",
    "data": [
      {
        "text": "อยากได้แผนที่อาคาร3",
        "userDefined": false
      }
    ],
    "isTemplate": false,
    "count": 0,
    "lang": "th",
    "updated": 0
  },
  {
    "id": "a67e5ffb-fd3b-4195-8ef4-cce2915e4005",
    "data": [
      {
        "text": "อยากไปอาคารหมายเลขที่3",
        "userDefined": false
      }
    ],
    "isTemplate": false,
    "count": 0,
    "lang": "th",
    "updated": 0
  },
  {
    "id": "8817b582-908c-495f-9601-0485585ba6d3",
    "data": [
      {
        "text": "ตั้งอยู่ไหนอาคาร3",
        "userDefined": false
      }
    ],
    "isTemplate": false,
    "count": 0,
    "lang": "th",
    "updated": 0
  },
  {
    "id": "2855a779-f81d-44cf-bc54-00f9a1325546",
    "data": [
      {
        "text": "อยู่ตรงไหนอาคาร3",
        "userDefined": false
      }
    ],
    "isTemplate": false,
    "count": 0,
    "lang": "th",
    "updated": 0
  },
  {
    "id": "585ddca9-a619-4ac3-b70d-4a22fb5b4df5",
    "data": [
      {
        "text": "อาคาร3อยู่ไส",
        "userDefined": false
      }
    ],
    "isTemplate": false,
    "count": 0,
    "lang": "th",
    "updated": 0
  },
  {
    "id": "9b4b65de-891a-4128-8de0-5455ac28ad55",
    "data": [
      {
        "text": "อาคาร3ไปจั่งไส",
        "userDefined": false
      }
    ],
    "isTemplate": false,
    "count": 0,
    "lang": "th",
    "updated": 0
  },
  {
    "id": "ba951fe0-4c96-48ae-8198-1774272e25be",
    "data": [
      {
        "text": "ไปจั่งไสอาคาร3",
        "userDefined": false
      }
    ],
    "isTemplate": false,
    "count": 0,
    "lang": "th",
    "updated": 0
  },
  {
    "id": "4882201a-55d0-4fa4-90c1-002f1e85f0a7",
    "data": [
      {
        "text": "อาคาร3ไปทางได๋",
        "userDefined": false
      }
    ],
    "isTemplate": false,
    "count": 0,
    "lang": "th",
    "updated": 0
  },
  {
    "id": "444efcc3-b730-42cd-904f-b913811e88c8",
    "data": [
      {
        "text": "วิธีไปอาคาร3",
        "userDefined": false
      }
    ],
    "isTemplate": false,
    "count": 0,
    "lang": "th",
    "updated": 0
  },
  {
    "id": "dc255d65-78be-4462-aa95-ea28db7bb70e",
    "data": [
      {
        "text": "มีทางไปอาคาร3ไหม",
        "userDefined": false
      }
    ],
    "isTemplate": false,
    "count": 0,
    "lang": "th",
    "updated": 0
  },
  {
    "id": "4c314b8f-d701-4a27-a733-5ff6a7455521",
    "data": [
      {
        "text": "ถ้าจะไปอาคาร3ไปทางไหน",
        "userDefined": false
      }
    ],
    "isTemplate": false,
    "count": 0,
    "lang": "th",
    "updated": 0
  },
  {
    "id": "0da8c55a-7059-4d96-8c5c-539065b852e2",
    "data": [
      {
        "text": "มีเส้นทางทางใดที่จะไปอาคาร3",
        "userDefined": false
      }
    ],
    "isTemplate": false,
    "count": 0,
    "lang": "th",
    "updated": 0
  },
  {
    "id": "d53b5d4b-03e2-4fc3-bb9e-1d08fb77814e",
    "data": [
      {
        "text": "ควรใช้ทางไหนเพื่อไปอาคาร3",
        "userDefined": false
      }
    ],
    "isTemplate": false,
    "count": 0,
    "lang": "th",
    "updated": 0
  },
  {
    "id": "307d56dd-6ece-41e1-b6c8-a0aff84e5f05",
    "data": [
      {
        "text": "แนะนำเส้นทางใดไปอาคาร3หน่อย",
        "userDefined": false
      }
    ],
    "isTemplate": false,
    "count": 0,
    "lang": "th",
    "updated": 0
  },
  {
    "id": "da7b8f9f-d0eb-48fd-92f1-6a0e7dde26f0",
    "data": [
      {
        "text": "เส้นทางไปยังอาคาร3",
        "userDefined": false
      }
    ],
    "isTemplate": false,
    "count": 0,
    "lang": "th",
    "updated": 0
  },
  {
    "id": "ebf8a4f2-a9c3-4656-ac8c-0003ab63d520",
    "data": [
      {
        "text": "ขอตำแหน่งอาคาร3",
        "userDefined": false
      }
    ],
    "isTemplate": false,
    "count": 0,
    "lang": "th",
    "updated": 0
  },
  {
    "id": "1d58bce3-eecd-4b18-a75b-3fb555579662",
    "data": [
      {
        "text": "ที่ตั้ง.อาคาร3",
        "meta": "@sys.location",
        "alias": "location",
        "userDefined": false
      }
    ],
    "isTemplate": false,
    "count": 0,
    "lang": "th",
    "updated": 0
  },
  {
    "id": "332ae089-ab08-452f-9997-e942fbc4fdee",
    "data": [
      {
        "text": "จะไปยังอาคาร3ได้ยังไง",
        "userDefined": false
      }
    ],
    "isTemplate": false,
    "count": 0,
    "lang": "th",
    "updated": 0
  },
  {
    "id": "9814c71f-2f85-4d34-9510-10b501848703",
    "data": [
      {
        "text": "อาคาร3อยู่ตรงไหน",
        "userDefined": false
      }
    ],
    "isTemplate": false,
    "count": 0,
    "lang": "th",
    "updated": 0
  },
  {
    "id": "2aec6b75-58b4-417a-aa82-e23b01c81678",
    "data": [
      {
        "text": "ขอเส้นทางไปอาคาร3",
        "userDefined": false
      }
    ],
    "isTemplate": false,
    "count": 0,
    "lang": "th",
    "updated": 0
  },
  {
    "id": "0716ce9e-0cf7-44f9-97ac-555263d33382",
    "data": [
      {
        "text": "อาคาร3อยู่ที่ไหน",
        "userDefined": false
      }
    ],
    "isTemplate": false,
    "count": 0,
    "lang": "th",
    "updated": 0
  },
  {
    "id": "974b193f-afe5-43d5-9499-7d01a6b39b58",
    "data": [
      {
        "text": "อยากไปอาคาร3",
        "userDefined": false
      }
    ],
    "isTemplate": false,
    "count": 0,
    "lang": "th",
    "updated": 0
  },
  {
    "id": "a9c70d2a-da82-427f-b4ff-fd25d45497a4",
    "data": [
      {
        "text": "ไปอาคาร3",
        "userDefined": false
      }
    ],
    "isTemplate": false,
    "count": 0,
    "lang": "th",
    "updated": 0
  },
  {
    "id": "3dc67bec-ced3-4d05-8128-32ee8fccb0b9",
    "data": [
      {
        "text": "ทางไปอาคาร3",
        "userDefined": false
      }
    ],
    "isTemplate": false,
    "count": 0,
    "lang": "th",
    "updated": 0
  },
  {
    "id": "d6167951-f213-479f-8558-239b34a9dbfb",
    "data": [
      {
        "text": "ทางไปอาคารชุดพักอาศัย",
        "userDefined": false
      }
    ],
    "isTemplate": false,
    "count": 0,
    "lang": "th",
    "updated": 0
  }
]