[
  {
    "id": "b2c70843-1277-4194-a1cd-73eac4abeb53",
    "data": [
      {
        "text": "จากที่นี่ไปยังอาคาร15ยังไง",
        "userDefined": false
      }
    ],
    "isTemplate": false,
    "count": 1,
    "lang": "th",
    "updated": 0
  },
  {
    "id": "150b8ac0-9d49-4412-b507-221368d2a08a",
    "data": [
      {
        "text": "ถ้าต้องการเดินทางไปอาคาร15",
        "userDefined": false
      }
    ],
    "isTemplate": false,
    "count": 0,
    "lang": "th",
    "updated": 0
  },
  {
    "id": "d95be8aa-1f9a-4b88-8c93-97144f09a001",
    "data": [
      {
        "text": "แนะนำเส้นทางใดสำหรับการเดินทางไป ",
        "userDefined": false
      },
      {
        "text": "อาคาร15",
        "meta": "@sys.location",
        "alias": "location",
        "userDefined": false
      }
    ],
    "isTemplate": false,
    "count": 0,
    "lang": "th",
    "updated": 0
  },
  {
    "id": "ffff46ab-81cc-4417-9566-c4c684d6fc4f",
    "data": [
      {
        "text": "มีทางไปอาคาร",
        "userDefined": false
      },
      {
        "text": "15ทาง",
        "meta": "@sys.location",
        "alias": "location",
        "userDefined": false
      },
      {
        "text": "ใดบ้าง",
        "userDefined": false
      }
    ],
    "isTemplate": false,
    "count": 0,
    "lang": "th",
    "updated": 0
  },
  {
    "id": "f2606246-42c8-4a3f-9691-261d946e06ea",
    "data": [
      {
        "text": "อาคาร15อยู่ตรงของมหาลัย",
        "userDefined": false
      }
    ],
    "isTemplate": false,
    "count": 0,
    "lang": "th",
    "updated": 0
  },
  {
    "id": "6218f528-a2d1-4489-824b-59b890afaa85",
    "data": [
      {
        "text": "มีเส้นทางอะไรที่ใช้ไปอาคาร15",
        "userDefined": false
      }
    ],
    "isTemplate": false,
    "count": 0,
    "lang": "th",
    "updated": 0
  },
  {
    "id": "59e2f9f7-e486-4f5d-b5db-6ef52185c76c",
    "data": [
      {
        "text": "ไปยังไงอาคาร15",
        "userDefined": false
      }
    ],
    "isTemplate": false,
    "count": 0,
    "lang": "th",
    "updated": 0
  },
  {
    "id": "ee3b86c5-29cc-4f1d-91fd-9653535ffc12",
    "data": [
      {
        "text": "ไปยังไงตึก15",
        "userDefined": false
      }
    ],
    "isTemplate": false,
    "count": 0,
    "lang": "th",
    "updated": 0
  },
  {
    "id": "157b47d9-1b44-4717-8adb-da71b526a12a",
    "data": [
      {
        "text": "ไปยังไง15",
        "userDefined": false
      }
    ],
    "isTemplate": false,
    "count": 0,
    "lang": "th",
    "updated": 0
  },
  {
    "id": "7657052a-f654-4e7e-a7ec-dfaa53834d6a",
    "data": [
      {
        "text": "ไปยังไงอาคารที่15",
        "userDefined": false
      }
    ],
    "isTemplate": false,
    "count": 0,
    "lang": "th",
    "updated": 0
  },
  {
    "id": "8ca6e3cc-888a-44e7-9c45-33cd09445eb5",
    "data": [
      {
        "text": "ไปยังไงอาคารเลขที่15",
        "userDefined": false
      }
    ],
    "isTemplate": false,
    "count": 0,
    "lang": "th",
    "updated": 0
  },
  {
    "id": "30ae8c46-aedb-480b-9a0d-4672cef19ff9",
    "data": [
      {
        "text": "อยากได้แผนที่อาคาร15",
        "userDefined": false
      }
    ],
    "isTemplate": false,
    "count": 0,
    "lang": "th",
    "updated": 0
  },
  {
    "id": "d172b5a8-0c78-405e-bab1-d29eb7f6b687",
    "data": [
      {
        "text": "อยากไปอาคารหมายเลขที่15",
        "userDefined": false
      }
    ],
    "isTemplate": false,
    "count": 0,
    "lang": "th",
    "updated": 0
  },
  {
    "id": "261c0b95-7b48-4ce7-927e-b50cffdfefe8",
    "data": [
      {
        "text": "ตั้งอยู่ไหนอาคาร15",
        "userDefined": false
      }
    ],
    "isTemplate": false,
    "count": 0,
    "lang": "th",
    "updated": 0
  },
  {
    "id": "0dc196fb-4d27-46f2-b788-83633f3306a1",
    "data": [
      {
        "text": "อยู่ตรงไหนอาคาร15",
        "userDefined": false
      }
    ],
    "isTemplate": false,
    "count": 0,
    "lang": "th",
    "updated": 0
  },
  {
    "id": "bd313ad4-84a2-4754-8222-914dc7d7c101",
    "data": [
      {
        "text": "อาคาร15อยู่ไส",
        "userDefined": false
      }
    ],
    "isTemplate": false,
    "count": 0,
    "lang": "th",
    "updated": 0
  },
  {
    "id": "c5fa20ff-0e23-48ab-8cc3-800ac97bf037",
    "data": [
      {
        "text": "อาคาร15ไปจั่งไส",
        "userDefined": false
      }
    ],
    "isTemplate": false,
    "count": 0,
    "lang": "th",
    "updated": 0
  },
  {
    "id": "0a8baf20-48c3-441b-ae53-e166e37f1088",
    "data": [
      {
        "text": "ไปจั่งไสอาคาร15",
        "userDefined": false
      }
    ],
    "isTemplate": false,
    "count": 0,
    "lang": "th",
    "updated": 0
  },
  {
    "id": "ba304c97-debb-42da-8ed5-79d3e9c05599",
    "data": [
      {
        "text": "อาคาร15ไปทางได๋",
        "userDefined": false
      }
    ],
    "isTemplate": false,
    "count": 0,
    "lang": "th",
    "updated": 0
  },
  {
    "id": "7970cf81-a5a1-44ab-bc5a-a2dab23c2548",
    "data": [
      {
        "text": "วิธีไปอาคาร15",
        "userDefined": false
      }
    ],
    "isTemplate": false,
    "count": 0,
    "lang": "th",
    "updated": 0
  },
  {
    "id": "441f77a2-38bd-4cae-8faf-b702e1a7c9ff",
    "data": [
      {
        "text": "มีทางไปอาคาร15ไหม",
        "userDefined": false
      }
    ],
    "isTemplate": false,
    "count": 0,
    "lang": "th",
    "updated": 0
  },
  {
    "id": "fd5f2842-ee26-4ad2-9e83-d1cd2efe34f4",
    "data": [
      {
        "text": "ถ้าจะไปอาคาร15ไปทางไหน",
        "userDefined": false
      }
    ],
    "isTemplate": false,
    "count": 0,
    "lang": "th",
    "updated": 0
  },
  {
    "id": "d6859d46-0e3b-430a-a6b2-da5f353a7da0",
    "data": [
      {
        "text": "มีเส้นทางทางใดที่จะไปอาคาร15",
        "userDefined": false
      }
    ],
    "isTemplate": false,
    "count": 0,
    "lang": "th",
    "updated": 0
  },
  {
    "id": "25df6daf-8528-446a-8df1-92021db7ce78",
    "data": [
      {
        "text": "ควรใช้ทางไหนเพื่อไปอาคาร15",
        "userDefined": false
      }
    ],
    "isTemplate": false,
    "count": 0,
    "lang": "th",
    "updated": 0
  },
  {
    "id": "e37a48cf-3a42-405a-8f35-b458de256d0b",
    "data": [
      {
        "text": "แนะนำเส้นทางใดไปอาคาร15หน่อย",
        "userDefined": false
      }
    ],
    "isTemplate": false,
    "count": 0,
    "lang": "th",
    "updated": 0
  },
  {
    "id": "ec20c926-dfa5-4e00-a50c-e049d9c9473c",
    "data": [
      {
        "text": "ทางไปอาคารถิ่นมันในพุทธธรรม",
        "userDefined": false
      }
    ],
    "isTemplate": false,
    "count": 0,
    "lang": "th",
    "updated": 0
  },
  {
    "id": "0bb6bb1b-99f3-4a57-b92e-2012d7bdb83c",
    "data": [
      {
        "text": "ทางไปอาคาร15",
        "userDefined": false
      }
    ],
    "isTemplate": false,
    "count": 0,
    "lang": "th",
    "updated": 0
  },
  {
    "id": "e3c49547-37a5-45f8-a997-63968d7247ca",
    "data": [
      {
        "text": "ไปอาคาร15",
        "userDefined": false
      }
    ],
    "isTemplate": false,
    "count": 0,
    "lang": "th",
    "updated": 0
  },
  {
    "id": "6d21322f-fe4b-4cd3-a855-b7bfc9af5044",
    "data": [
      {
        "text": "อยากไปอาคาร15",
        "userDefined": false
      }
    ],
    "isTemplate": false,
    "count": 0,
    "lang": "th",
    "updated": 0
  },
  {
    "id": "96c5c8f6-e036-4733-84bd-d73e7e3b8350",
    "data": [
      {
        "text": "อาคาร15อยู่ที่ไหน",
        "userDefined": false
      }
    ],
    "isTemplate": false,
    "count": 0,
    "lang": "th",
    "updated": 0
  },
  {
    "id": "1a684532-3540-41de-818a-366816c5cca2",
    "data": [
      {
        "text": "ขอเส้นทางไปอาคาร15",
        "userDefined": false
      }
    ],
    "isTemplate": false,
    "count": 0,
    "lang": "th",
    "updated": 0
  },
  {
    "id": "0356592c-cf93-4670-9062-76bf24530041",
    "data": [
      {
        "text": "อาคาร15อยู่ตรงไหน",
        "userDefined": false
      }
    ],
    "isTemplate": false,
    "count": 0,
    "lang": "th",
    "updated": 0
  },
  {
    "id": "d6da5c85-85e1-4054-98b0-933ce8f8e628",
    "data": [
      {
        "text": "จะไปยังอาคาร15ได้ยังไง",
        "userDefined": false
      }
    ],
    "isTemplate": false,
    "count": 0,
    "lang": "th",
    "updated": 0
  },
  {
    "id": "bc31f075-fe7f-426e-a246-96b596635b05",
    "data": [
      {
        "text": "ที่ตั้ง.อาคาร15",
        "meta": "@sys.location",
        "alias": "location",
        "userDefined": false
      }
    ],
    "isTemplate": false,
    "count": 0,
    "lang": "th",
    "updated": 0
  },
  {
    "id": "b4e7ef0f-3f81-40bd-a90a-9ac76434d94c",
    "data": [
      {
        "text": "ขอตำแหน่งอาคาร15",
        "userDefined": false
      }
    ],
    "isTemplate": false,
    "count": 0,
    "lang": "th",
    "updated": 0
  },
  {
    "id": "73698c74-1c8c-41b8-b03a-25b238d73228",
    "data": [
      {
        "text": "เส้นทางไปยังอาคาร15",
        "userDefined": false
      }
    ],
    "isTemplate": false,
    "count": 0,
    "lang": "th",
    "updated": 0
  }
]