[
  {
    "id": "42a3654c-ff7a-4e3d-bc4a-d54db4bad065",
    "data": [
      {
        "text": "ถ้าต้องการเดินทางไปอาคาร17",
        "userDefined": false
      }
    ],
    "isTemplate": false,
    "count": 0,
    "lang": "th",
    "updated": 0
  },
  {
    "id": "1bc11233-fbf0-49c4-a021-46a6c493fd48",
    "data": [
      {
        "text": "แนะนำเส้นทางใดสำหรับการเดินทางไป อาคาร17",
        "userDefined": false
      }
    ],
    "isTemplate": false,
    "count": 0,
    "lang": "th",
    "updated": 0
  },
  {
    "id": "e46ab975-4cf7-4486-81bd-ffdc0b6ebcc4",
    "data": [
      {
        "text": "มีทางไปอาคาร17ทางใดบ้าง",
        "userDefined": false
      }
    ],
    "isTemplate": false,
    "count": 0,
    "lang": "th",
    "updated": 0
  },
  {
    "id": "c9997f12-cc92-4e59-b667-4388f68f016a",
    "data": [
      {
        "text": "อาคาร17อยู่ตรงของมหาลัย",
        "userDefined": false
      }
    ],
    "isTemplate": false,
    "count": 0,
    "lang": "th",
    "updated": 0
  },
  {
    "id": "7605bd7b-efd8-4f2c-b5a5-10edc8fee153",
    "data": [
      {
        "text": "มีเส้นทาง",
        "userDefined": false
      },
      {
        "text": "อะไร",
        "meta": "@what",
        "alias": "what",
        "userDefined": false
      },
      {
        "text": "ที่ใช้ไปอาคาร17",
        "userDefined": false
      }
    ],
    "isTemplate": false,
    "count": 0,
    "lang": "th",
    "updated": 0
  },
  {
    "id": "7cbf9b8f-21dc-480f-b57a-cb5423f9456f",
    "data": [
      {
        "text": "ไปยังไงอาคาร17",
        "userDefined": false
      }
    ],
    "isTemplate": false,
    "count": 0,
    "lang": "th",
    "updated": 0
  },
  {
    "id": "58d8c66e-4545-47fa-a432-6f4031f4bb8d",
    "data": [
      {
        "text": "ไปยังไงตึก17",
        "userDefined": false
      }
    ],
    "isTemplate": false,
    "count": 0,
    "lang": "th",
    "updated": 0
  },
  {
    "id": "1b73545e-319a-4850-8a4d-4729cd2491a2",
    "data": [
      {
        "text": "ไปยังไง17",
        "userDefined": false
      }
    ],
    "isTemplate": false,
    "count": 0,
    "lang": "th",
    "updated": 0
  },
  {
    "id": "936c561e-739f-4d76-85d4-78f72b60576b",
    "data": [
      {
        "text": "ไปยังไงอาคารที่17",
        "userDefined": false
      }
    ],
    "isTemplate": false,
    "count": 0,
    "lang": "th",
    "updated": 0
  },
  {
    "id": "6bf85dfe-6db0-4997-87f8-fcd50fc9aa97",
    "data": [
      {
        "text": "ไปยังไงอาคารเลขที่17",
        "userDefined": false
      }
    ],
    "isTemplate": false,
    "count": 0,
    "lang": "th",
    "updated": 0
  },
  {
    "id": "be4021e2-e590-4591-849e-090eebad485d",
    "data": [
      {
        "text": "อยากได้แผนที่อาคาร17",
        "userDefined": false
      }
    ],
    "isTemplate": false,
    "count": 0,
    "lang": "th",
    "updated": 0
  },
  {
    "id": "29dc5726-ae64-4d16-b6f9-47f29d6ebdeb",
    "data": [
      {
        "text": "อยากไปอาคารหมายเลขที่17",
        "userDefined": false
      }
    ],
    "isTemplate": false,
    "count": 0,
    "lang": "th",
    "updated": 0
  },
  {
    "id": "344c0d93-1d9d-4fae-956d-5379224f4bc3",
    "data": [
      {
        "text": "ตั้งอยู่ไหนอาคาร17",
        "userDefined": false
      }
    ],
    "isTemplate": false,
    "count": 0,
    "lang": "th",
    "updated": 0
  },
  {
    "id": "e6aa4bc0-430f-4ebd-9be1-fb29b4f01766",
    "data": [
      {
        "text": "อยู่ตรงไหนอาคาร17",
        "userDefined": false
      }
    ],
    "isTemplate": false,
    "count": 0,
    "lang": "th",
    "updated": 0
  },
  {
    "id": "d3982931-890c-4a7b-ba02-53797cff2e11",
    "data": [
      {
        "text": "อาคาร17อยู่ไส",
        "userDefined": false
      }
    ],
    "isTemplate": false,
    "count": 0,
    "lang": "th",
    "updated": 0
  },
  {
    "id": "8a8c1e8e-e1da-4860-8c22-284b40f62a5d",
    "data": [
      {
        "text": "อาคาร17ไปจั่งไส",
        "userDefined": false
      }
    ],
    "isTemplate": false,
    "count": 0,
    "lang": "th",
    "updated": 0
  },
  {
    "id": "989f0e16-f5c8-47ad-8b2a-26e47c6dd9b9",
    "data": [
      {
        "text": "ไปจั่งไสอาคาร17",
        "userDefined": false
      }
    ],
    "isTemplate": false,
    "count": 0,
    "lang": "th",
    "updated": 0
  },
  {
    "id": "39bc7fd6-be7f-46f4-b00c-b14c1c682fdd",
    "data": [
      {
        "text": "อาคาร17ไปทางได๋",
        "userDefined": false
      }
    ],
    "isTemplate": false,
    "count": 0,
    "lang": "th",
    "updated": 0
  },
  {
    "id": "637e4b70-7378-483e-ba58-cb2d3a870d8d",
    "data": [
      {
        "text": "วิธีไปอาคาร17",
        "userDefined": false
      }
    ],
    "isTemplate": false,
    "count": 0,
    "lang": "th",
    "updated": 0
  },
  {
    "id": "c5a3c1fd-e339-4a37-8b47-bea8b8037f2e",
    "data": [
      {
        "text": "มีทางไปอาคาร17ไหม",
        "userDefined": false
      }
    ],
    "isTemplate": false,
    "count": 0,
    "lang": "th",
    "updated": 0
  },
  {
    "id": "be8f1eec-4c83-47dd-8614-8b89dd2ae1d4",
    "data": [
      {
        "text": "ถ้าจะไปอาคาร17ไปทางไหน",
        "userDefined": false
      }
    ],
    "isTemplate": false,
    "count": 0,
    "lang": "th",
    "updated": 0
  },
  {
    "id": "fb8511a5-bcad-4044-8258-b3e4432e9436",
    "data": [
      {
        "text": "มีเส้นทางทางใดที่จะไปอาคาร17",
        "userDefined": false
      }
    ],
    "isTemplate": false,
    "count": 0,
    "lang": "th",
    "updated": 0
  },
  {
    "id": "3bc6efc8-9392-4d33-97df-c3ff6f2f44c5",
    "data": [
      {
        "text": "ควรใช้ทางไหนเพื่อไปอาคาร17",
        "userDefined": false
      }
    ],
    "isTemplate": false,
    "count": 0,
    "lang": "th",
    "updated": 0
  },
  {
    "id": "0897e148-198b-4d2f-8fb0-d8bcd14fff40",
    "data": [
      {
        "text": "แนะนำเส้นทางไปอาคาร17หน่อย",
        "userDefined": false
      }
    ],
    "isTemplate": false,
    "count": 0,
    "lang": "th",
    "updated": 0
  },
  {
    "id": "b1952cf0-6ee9-4c2c-ad13-f7ac3db4cf6d",
    "data": [
      {
        "text": "เส้นทางไปยังอาคาร17",
        "userDefined": false
      }
    ],
    "isTemplate": false,
    "count": 0,
    "lang": "th",
    "updated": 0
  },
  {
    "id": "9900fe57-5b59-44bd-9395-5a28c4841878",
    "data": [
      {
        "text": "ขอตำแหน่งอาคาร17",
        "userDefined": false
      }
    ],
    "isTemplate": false,
    "count": 0,
    "lang": "th",
    "updated": 0
  },
  {
    "id": "bf3545c2-5320-4de1-8173-3fc5b3de0b49",
    "data": [
      {
        "text": "ที่ตั้ง.อาคาร17",
        "meta": "@sys.location",
        "alias": "location",
        "userDefined": false
      }
    ],
    "isTemplate": false,
    "count": 0,
    "lang": "th",
    "updated": 0
  },
  {
    "id": "f75a33b5-6636-4992-a72b-119e4303bdae",
    "data": [
      {
        "text": "จะไปยังอาคาร17ได้ยังไง",
        "userDefined": false
      }
    ],
    "isTemplate": false,
    "count": 0,
    "lang": "th",
    "updated": 0
  },
  {
    "id": "dfa9e903-e0cb-4c9f-8aaa-af70bd483910",
    "data": [
      {
        "text": "อาคาร17อยู่ตรงไหน",
        "userDefined": false
      }
    ],
    "isTemplate": false,
    "count": 0,
    "lang": "th",
    "updated": 0
  },
  {
    "id": "e9955bba-9231-4ebc-b9f8-5ee47a5c336b",
    "data": [
      {
        "text": "ขอเส้นทางไปอาคาร17",
        "userDefined": false
      }
    ],
    "isTemplate": false,
    "count": 0,
    "lang": "th",
    "updated": 0
  },
  {
    "id": "ce749e4f-5d08-41ae-9914-74a096a36920",
    "data": [
      {
        "text": "อาคาร17อยู่ที่ไหน",
        "userDefined": false
      }
    ],
    "isTemplate": false,
    "count": 0,
    "lang": "th",
    "updated": 0
  },
  {
    "id": "2bf1b98e-9b1e-4048-abc5-257d484470d5",
    "data": [
      {
        "text": "อยากไปอาคาร17",
        "userDefined": false
      }
    ],
    "isTemplate": false,
    "count": 0,
    "lang": "th",
    "updated": 0
  },
  {
    "id": "4b74ac27-7120-4a20-b01b-42e6ff0f2be9",
    "data": [
      {
        "text": "ไปอาคาร17",
        "userDefined": false
      }
    ],
    "isTemplate": false,
    "count": 0,
    "lang": "th",
    "updated": 0
  },
  {
    "id": "bad99cf2-e38c-4cec-aa5b-2bafaf8062ed",
    "data": [
      {
        "text": "ทางไปอาคาร17",
        "userDefined": false
      }
    ],
    "isTemplate": false,
    "count": 0,
    "lang": "th",
    "updated": 0
  },
  {
    "id": "da4d8cc6-23da-46b7-ad58-91ccca2577b7",
    "data": [
      {
        "text": "ทางไปอาคารชุดพักอาศัยบุคลากร ",
        "userDefined": false
      },
      {
        "text": "2",
        "meta": "@sys.number",
        "alias": "number",
        "userDefined": false
      }
    ],
    "isTemplate": false,
    "count": 0,
    "lang": "th",
    "updated": 0
  }
]