[
  {
    "id": "aea55d35-5060-4b23-9071-50d3038e08f3",
    "data": [
      {
        "text": "ถ้าต้องการเดินทางไปอาคาร4",
        "userDefined": false
      }
    ],
    "isTemplate": false,
    "count": 0,
    "lang": "th",
    "updated": 0
  },
  {
    "id": "d66919c0-82d0-4b1b-8111-b19729686a5f",
    "data": [
      {
        "text": "แนะนำเส้นทางใดสำหรับการเดินทางไป อาคาร4",
        "userDefined": false
      }
    ],
    "isTemplate": false,
    "count": 0,
    "lang": "th",
    "updated": 0
  },
  {
    "id": "50e2f516-a21b-4e59-93e9-a2c8847f92ee",
    "data": [
      {
        "text": "มีทางไปอาคาร4ทางใดบ้าง",
        "userDefined": false
      }
    ],
    "isTemplate": false,
    "count": 0,
    "lang": "th",
    "updated": 0
  },
  {
    "id": "148ae3f6-d8fe-4d10-b211-39a6d8cddd71",
    "data": [
      {
        "text": "อาคาร4อยู่ตรงของมหาลัย",
        "userDefined": false
      }
    ],
    "isTemplate": false,
    "count": 0,
    "lang": "th",
    "updated": 0
  },
  {
    "id": "e42da220-2559-4764-8861-44b72d0273e8",
    "data": [
      {
        "text": "มีเส้นทาง",
        "userDefined": false
      },
      {
        "text": "อะไร",
        "meta": "@what",
        "alias": "what",
        "userDefined": false
      },
      {
        "text": "ที่ใช้ไปอาคาร4",
        "userDefined": false
      }
    ],
    "isTemplate": false,
    "count": 0,
    "lang": "th",
    "updated": 0
  },
  {
    "id": "6f5543c9-266b-43e9-b66a-a0f7ae7b069b",
    "data": [
      {
        "text": "ไปยังไงอาคาร4",
        "userDefined": false
      }
    ],
    "isTemplate": false,
    "count": 0,
    "lang": "th",
    "updated": 0
  },
  {
    "id": "2cde5672-4d70-4610-9162-9aeca2168644",
    "data": [
      {
        "text": "ไปยังไงตึก4",
        "userDefined": false
      }
    ],
    "isTemplate": false,
    "count": 0,
    "lang": "th",
    "updated": 0
  },
  {
    "id": "95c35483-8549-4167-8627-2af35c039824",
    "data": [
      {
        "text": "ไปยังไง4",
        "userDefined": false
      }
    ],
    "isTemplate": false,
    "count": 0,
    "lang": "th",
    "updated": 0
  },
  {
    "id": "dbf1f8b0-2d8b-4218-a1e7-bc6f4f437c8d",
    "data": [
      {
        "text": "ไปยังไงอาคารที่4",
        "userDefined": false
      }
    ],
    "isTemplate": false,
    "count": 0,
    "lang": "th",
    "updated": 0
  },
  {
    "id": "dd929a0c-4de9-431a-bbfa-ac424724662e",
    "data": [
      {
        "text": "ไปยังไงอาคารเลขที่4",
        "userDefined": false
      }
    ],
    "isTemplate": false,
    "count": 0,
    "lang": "th",
    "updated": 0
  },
  {
    "id": "865ab771-421e-4e72-9c02-1613fb867814",
    "data": [
      {
        "text": "อยากได้แผนที่อาคาร4",
        "userDefined": false
      }
    ],
    "isTemplate": false,
    "count": 0,
    "lang": "th",
    "updated": 0
  },
  {
    "id": "09aa9611-1ccd-4c97-944c-2c2465b1f9f5",
    "data": [
      {
        "text": "อยากไปอาคารหมายเลขที่4",
        "userDefined": false
      }
    ],
    "isTemplate": false,
    "count": 0,
    "lang": "th",
    "updated": 0
  },
  {
    "id": "4836cb67-cfd2-4010-adcc-c8905f46fdc5",
    "data": [
      {
        "text": "ตั้งอยู่ไหนอาคาร4",
        "userDefined": false
      }
    ],
    "isTemplate": false,
    "count": 0,
    "lang": "th",
    "updated": 0
  },
  {
    "id": "571f9ca5-b3c1-47c9-b217-c61108a4c0e0",
    "data": [
      {
        "text": "อยู่ตรงไหนอาคาร4",
        "userDefined": false
      }
    ],
    "isTemplate": false,
    "count": 0,
    "lang": "th",
    "updated": 0
  },
  {
    "id": "31af7768-a67a-448a-a36f-4662f349a664",
    "data": [
      {
        "text": "อาคาร4อยู่ไส",
        "userDefined": false
      }
    ],
    "isTemplate": false,
    "count": 0,
    "lang": "th",
    "updated": 0
  },
  {
    "id": "7e89f4b7-f9e4-4ed7-9266-5dfe78495d86",
    "data": [
      {
        "text": "อาคาร4ไปจั่งไส",
        "userDefined": false
      }
    ],
    "isTemplate": false,
    "count": 0,
    "lang": "th",
    "updated": 0
  },
  {
    "id": "0d2686d6-c967-4096-97a8-526fe4cb0304",
    "data": [
      {
        "text": "ไปจั่งไสอาคาร4",
        "userDefined": false
      }
    ],
    "isTemplate": false,
    "count": 0,
    "lang": "th",
    "updated": 0
  },
  {
    "id": "6a3bbfdf-0b07-4fda-b9ca-da77957a2a02",
    "data": [
      {
        "text": "อาคาร4ไปทางได๋",
        "userDefined": false
      }
    ],
    "isTemplate": false,
    "count": 0,
    "lang": "th",
    "updated": 0
  },
  {
    "id": "2c6b26c3-acaf-45bf-abe4-f052de75a2de",
    "data": [
      {
        "text": "วิธีไปอาคาร4",
        "userDefined": false
      }
    ],
    "isTemplate": false,
    "count": 0,
    "lang": "th",
    "updated": 0
  },
  {
    "id": "35fc6876-5730-42de-89e3-428bc15eb831",
    "data": [
      {
        "text": "มีทางไปอาคาร4ไหม",
        "userDefined": false
      }
    ],
    "isTemplate": false,
    "count": 0,
    "lang": "th",
    "updated": 0
  },
  {
    "id": "61280166-5981-4ff5-b763-d3a4f3477aae",
    "data": [
      {
        "text": "ถ้าจะไปอาคาร4ไปทางไหน",
        "userDefined": false
      }
    ],
    "isTemplate": false,
    "count": 0,
    "lang": "th",
    "updated": 0
  },
  {
    "id": "45984f6b-4908-4794-9fd8-1878c63e22b8",
    "data": [
      {
        "text": "มีเส้นทางทางใดที่จะไปอาคาร4",
        "userDefined": false
      }
    ],
    "isTemplate": false,
    "count": 0,
    "lang": "th",
    "updated": 0
  },
  {
    "id": "f378a19c-50c4-4780-a078-382fba5eb401",
    "data": [
      {
        "text": "ควรใช้ทางไหนเพื่อไปอาคาร4",
        "userDefined": false
      }
    ],
    "isTemplate": false,
    "count": 0,
    "lang": "th",
    "updated": 0
  },
  {
    "id": "8ae11e0e-b679-453b-8b41-6702263ed042",
    "data": [
      {
        "text": "แนะนำเส้นทางไปอาคาร4หน่อย",
        "userDefined": false
      }
    ],
    "isTemplate": false,
    "count": 0,
    "lang": "th",
    "updated": 0
  },
  {
    "id": "e832b67f-d17c-44c7-8e81-802594e5bf1e",
    "data": [
      {
        "text": "เส้นทางไปยังอาคาร4",
        "userDefined": false
      }
    ],
    "isTemplate": false,
    "count": 0,
    "lang": "th",
    "updated": 0
  },
  {
    "id": "82aebc27-4f48-4a77-9547-8a1912f3049e",
    "data": [
      {
        "text": "ขอตำแหน่งอาคาร4",
        "userDefined": false
      }
    ],
    "isTemplate": false,
    "count": 0,
    "lang": "th",
    "updated": 0
  },
  {
    "id": "4131856d-db2a-47fa-8764-594e8d25bf01",
    "data": [
      {
        "text": "ที่ตั้ง.อาคาร4",
        "meta": "@sys.location",
        "alias": "location",
        "userDefined": false
      }
    ],
    "isTemplate": false,
    "count": 0,
    "lang": "th",
    "updated": 0
  },
  {
    "id": "144eff96-795e-4de4-bd2d-8b0ec9131446",
    "data": [
      {
        "text": "จะไปยังอาคาร4ได้ยังไง",
        "userDefined": false
      }
    ],
    "isTemplate": false,
    "count": 0,
    "lang": "th",
    "updated": 0
  },
  {
    "id": "abe365ee-b0cc-4301-bcc6-6a6306511312",
    "data": [
      {
        "text": "อาคาร4อยู่ตรงไหน",
        "userDefined": false
      }
    ],
    "isTemplate": false,
    "count": 0,
    "lang": "th",
    "updated": 0
  },
  {
    "id": "09ddfacd-00d0-4ed9-af0f-5e9fc4595da1",
    "data": [
      {
        "text": "ขอเส้นทางไปอาคาร4",
        "userDefined": false
      }
    ],
    "isTemplate": false,
    "count": 0,
    "lang": "th",
    "updated": 0
  },
  {
    "id": "2c037951-4a83-4240-a2cf-ddb561dabcb3",
    "data": [
      {
        "text": "อาคาร4อยู่ที่ไหน",
        "userDefined": false
      }
    ],
    "isTemplate": false,
    "count": 0,
    "lang": "th",
    "updated": 0
  },
  {
    "id": "68be8288-9e16-4b40-a712-87c01a3f0aaf",
    "data": [
      {
        "text": "อยากไปอาคาร4",
        "userDefined": false
      }
    ],
    "isTemplate": false,
    "count": 0,
    "lang": "th",
    "updated": 0
  },
  {
    "id": "de23ebbc-9e41-44f1-a0b8-5685301d8835",
    "data": [
      {
        "text": "ไปอาคาร4",
        "userDefined": false
      }
    ],
    "isTemplate": false,
    "count": 0,
    "lang": "th",
    "updated": 0
  },
  {
    "id": "89354fb8-7424-46da-b37e-49eede05c31a",
    "data": [
      {
        "text": "ทางไปอาคาร4",
        "userDefined": false
      }
    ],
    "isTemplate": false,
    "count": 0,
    "lang": "th",
    "updated": 0
  },
  {
    "id": "63a13c49-954d-4b27-bbcb-4940ecf082e4",
    "data": [
      {
        "text": "ทางไปหอพักนิสิตชาย",
        "userDefined": false
      }
    ],
    "isTemplate": false,
    "count": 0,
    "lang": "th",
    "updated": 0
  }
]