[
  {
    "id": "800bad4d-4fc3-4124-8cb4-d1cfd48fcfc2",
    "data": [
      {
        "text": "บอกชื่อหน่อย",
        "userDefined": false
      }
    ],
    "isTemplate": false,
    "count": 0,
    "lang": "th",
    "updated": 0
  },
  {
    "id": "0a5e7085-40d4-4468-bb6a-e134b19a1a57",
    "data": [
      {
        "text": "มีชื่อว่าอะไร",
        "userDefined": false
      }
    ],
    "isTemplate": false,
    "count": 0,
    "lang": "th",
    "updated": 0
  },
  {
    "id": "ece3be4f-8e30-426d-aa33-4983e0f4d0ed",
    "data": [
      {
        "text": "อยากรู้ชื่อ",
        "userDefined": false
      }
    ],
    "isTemplate": false,
    "count": 1,
    "lang": "th",
    "updated": 0
  },
  {
    "id": "7f8d5e44-5a16-41d0-9ed5-73ab584f6fc1",
    "data": [
      {
        "text": "มีชื่อมั้ย",
        "userDefined": false
      }
    ],
    "isTemplate": false,
    "count": 0,
    "lang": "th",
    "updated": 0
  },
  {
    "id": "67f261ab-60c0-447f-b41f-8998ab982183",
    "data": [
      {
        "text": "ชื่ออะไรหรอ",
        "userDefined": false
      }
    ],
    "isTemplate": false,
    "count": 1,
    "lang": "th",
    "updated": 0
  },
  {
    "id": "1790c93a-3fc7-4c26-8715-1fde5c8c9041",
    "data": [
      {
        "text": "ชื่ออะไร",
        "userDefined": false
      }
    ],
    "isTemplate": false,
    "count": 1,
    "lang": "th",
    "updated": 0
  }
]