[
  {
    "id": "64f79bdf-a923-490a-895a-743471fed284",
    "data": [
      {
        "text": "เลขตึกชุดพักอาศัยคือ",
        "userDefined": false
      }
    ],
    "isTemplate": false,
    "count": 0,
    "lang": "th",
    "updated": 0
  },
  {
    "id": "04ee456f-8f54-4bf1-8ae8-4fc08249dd1a",
    "data": [
      {
        "text": "หมายเลขตึกชุดพักอาศัยคือ",
        "userDefined": false
      }
    ],
    "isTemplate": false,
    "count": 0,
    "lang": "th",
    "updated": 0
  },
  {
    "id": "5dd17cc7-7443-4501-9894-d7c4f6393cc9",
    "data": [
      {
        "text": "หมายเลขอาคารชุดพักอาศัยคือ",
        "userDefined": false
      }
    ],
    "isTemplate": false,
    "count": 0,
    "lang": "th",
    "updated": 0
  },
  {
    "id": "b00339d0-747c-4ad2-bd49-4e24e94b53eb",
    "data": [
      {
        "text": "อาคารชุดพักอาศัยเลข",
        "userDefined": false
      }
    ],
    "isTemplate": false,
    "count": 0,
    "lang": "th",
    "updated": 0
  },
  {
    "id": "1a34ee34-216d-4968-adbe-d9c784cb73e8",
    "data": [
      {
        "text": "ตึกชุดพักอาศัยหมายเลขที่เท่าไหร่",
        "userDefined": false
      }
    ],
    "isTemplate": false,
    "count": 0,
    "lang": "th",
    "updated": 0
  },
  {
    "id": "33fbd6cf-1e96-491c-b909-4a69a842ae01",
    "data": [
      {
        "text": "ตึกชุดพักอาศัยเลขที่เท่าไหร่",
        "userDefined": false
      }
    ],
    "isTemplate": false,
    "count": 0,
    "lang": "th",
    "updated": 0
  },
  {
    "id": "1c096856-ccc6-4f34-94cb-c9b3e84911c9",
    "data": [
      {
        "text": "ตึกชุดพักอาศัยเลขที่",
        "userDefined": false
      }
    ],
    "isTemplate": false,
    "count": 0,
    "lang": "th",
    "updated": 0
  },
  {
    "id": "0123bae2-8a26-4f11-bb0b-aaf787a82007",
    "data": [
      {
        "text": "ตึกชุดพักอาศัยเลขอะไร",
        "userDefined": false
      }
    ],
    "isTemplate": false,
    "count": 0,
    "lang": "th",
    "updated": 0
  },
  {
    "id": "02cb887b-f667-409c-89e7-01500f5dbf6c",
    "data": [
      {
        "text": "อาคารชุดพักอาศัยอาคารที่เท่าไหร่",
        "userDefined": false
      }
    ],
    "isTemplate": false,
    "count": 0,
    "lang": "th",
    "updated": 0
  },
  {
    "id": "f5d5ac97-19eb-446c-81e1-503dbcb7bcdf",
    "data": [
      {
        "text": "อาคารชุดพักอาศัยคืออาคารหมายเลขอิหยัง",
        "userDefined": false
      }
    ],
    "isTemplate": false,
    "count": 0,
    "lang": "th",
    "updated": 0
  },
  {
    "id": "36784935-56c0-4528-b005-36827780e306",
    "data": [
      {
        "text": "อาคารชุดพักอาศัยคืออาคารหมายเลขอะไร",
        "userDefined": false
      }
    ],
    "isTemplate": false,
    "count": 0,
    "lang": "th",
    "updated": 0
  },
  {
    "id": "bd2b1826-5b70-4624-981a-4e217965d319",
    "data": [
      {
        "text": "อาคารชุดพักอาศัยคืออาคารหมายเลข",
        "userDefined": false
      }
    ],
    "isTemplate": false,
    "count": 0,
    "lang": "th",
    "updated": 0
  },
  {
    "id": "9bd3d642-fb72-4f9f-9655-9a21e18e2768",
    "data": [
      {
        "text": "อาคารชุดพักอาศัยคือหมายเลข",
        "userDefined": false
      }
    ],
    "isTemplate": false,
    "count": 0,
    "lang": "th",
    "updated": 0
  },
  {
    "id": "4904cbd8-9259-4f5d-a3d0-113c46b61264",
    "data": [
      {
        "text": "อาคารชุดพักอาศัยหมายเลขอิหยัง",
        "userDefined": false
      }
    ],
    "isTemplate": false,
    "count": 0,
    "lang": "th",
    "updated": 0
  },
  {
    "id": "e4c41c50-a540-43e7-a2bd-bede97d1ef61",
    "data": [
      {
        "text": "อาคารชุดพักอาศัยหมายเลขอะไร",
        "userDefined": false
      }
    ],
    "isTemplate": false,
    "count": 0,
    "lang": "th",
    "updated": 0
  },
  {
    "id": "f0da4b94-bd89-4cb3-af47-d6c752faa14e",
    "data": [
      {
        "text": "อาคารชุดพักอาศัยหมายเลข",
        "userDefined": false
      }
    ],
    "isTemplate": false,
    "count": 0,
    "lang": "th",
    "updated": 0
  },
  {
    "id": "d8533560-8c3e-4716-8d66-dc0a382eb81c",
    "data": [
      {
        "text": "อาคารชุดพักอาศัยคือเลขอิหยัง",
        "userDefined": false
      }
    ],
    "isTemplate": false,
    "count": 0,
    "lang": "th",
    "updated": 0
  },
  {
    "id": "af38aa9a-4932-4a3a-86c5-7a5a68dfe800",
    "data": [
      {
        "text": "อาคารชุดพักอาศัยคือเลขอะไร",
        "userDefined": false
      }
    ],
    "isTemplate": false,
    "count": 0,
    "lang": "th",
    "updated": 0
  },
  {
    "id": "0a71d7b9-9fd1-4561-8b35-ef84a80ddf9d",
    "data": [
      {
        "text": "อาคารชุดพักอาศัยคือเลข",
        "userDefined": false
      }
    ],
    "isTemplate": false,
    "count": 0,
    "lang": "th",
    "updated": 0
  },
  {
    "id": "fa5f32b4-9b66-46b1-8984-d79672b58d2f",
    "data": [
      {
        "text": "อาคารชุดพักอาศัยเลขอิหยัง",
        "userDefined": false
      }
    ],
    "isTemplate": false,
    "count": 0,
    "lang": "th",
    "updated": 0
  },
  {
    "id": "1f9e4ced-7a38-4c68-b3b1-4c8a42f08bd8",
    "data": [
      {
        "text": "อาคารชุดพักอาศัยเลขอะไร",
        "userDefined": false
      }
    ],
    "isTemplate": false,
    "count": 1,
    "lang": "th",
    "updated": 0
  },
  {
    "id": "82cf9cf2-a596-4476-9208-894340156bb6",
    "data": [
      {
        "text": "อาคารชุดพักอาศัยเลขที่เท่าไหร่",
        "userDefined": false
      }
    ],
    "isTemplate": false,
    "count": 0,
    "lang": "th",
    "updated": 0
  },
  {
    "id": "f558089e-a9e1-4540-94d6-bcfe38509a2e",
    "data": [
      {
        "text": "อาคารอาคารชุดพักอาศัย",
        "userDefined": false
      }
    ],
    "isTemplate": false,
    "count": 0,
    "lang": "th",
    "updated": 0
  },
  {
    "id": "a5eac46c-5aee-47f0-a5c9-266ad6bd68ee",
    "data": [
      {
        "text": "เลขอาคารอาคารชุดพักอาศัย",
        "userDefined": false
      }
    ],
    "isTemplate": false,
    "count": 0,
    "lang": "th",
    "updated": 0
  },
  {
    "id": "3e945774-8b98-4c39-895e-c455086bb676",
    "data": [
      {
        "text": "เลขชุดพักอาศัยอิหยัง",
        "userDefined": false
      }
    ],
    "isTemplate": false,
    "count": 0,
    "lang": "th",
    "updated": 0
  },
  {
    "id": "63a39e98-b8dc-4c5c-9246-2379f61caa8b",
    "data": [
      {
        "text": "เลขชุดพักอาศัยอะไร",
        "userDefined": false
      }
    ],
    "isTemplate": false,
    "count": 0,
    "lang": "th",
    "updated": 0
  },
  {
    "id": "ebeaac8e-4f84-4801-a579-32bd54b45463",
    "data": [
      {
        "text": "เลขชุดพักอาศัยที่เท่าไหร่",
        "userDefined": false
      }
    ],
    "isTemplate": false,
    "count": 0,
    "lang": "th",
    "updated": 0
  },
  {
    "id": "ccb075fb-9c7d-415c-b8ba-f0c8e6b27a60",
    "data": [
      {
        "text": "เลขชุดพักอาศัยเท่าไหร่",
        "userDefined": false
      }
    ],
    "isTemplate": false,
    "count": 0,
    "lang": "th",
    "updated": 0
  },
  {
    "id": "0717ca31-9383-4f1f-8de9-85be8d1dea51",
    "data": [
      {
        "text": "เลขชุดพักอาศัย",
        "userDefined": false
      }
    ],
    "isTemplate": false,
    "count": 0,
    "lang": "th",
    "updated": 0
  },
  {
    "id": "da7f32c8-68b5-41a1-8a68-2b98a440f9b5",
    "data": [
      {
        "text": "หมายเลขอาคารชุดพักอาศัยคืออิหยัง",
        "userDefined": false
      }
    ],
    "isTemplate": false,
    "count": 0,
    "lang": "th",
    "updated": 0
  },
  {
    "id": "3012744b-acba-472a-b2e4-6d5ab23f7d96",
    "data": [
      {
        "text": "หมายเลขอาคารชุดพักอาศัยคืออะไร",
        "userDefined": false
      }
    ],
    "isTemplate": false,
    "count": 1,
    "lang": "th",
    "updated": 0
  },
  {
    "id": "578ec59b-38a7-4527-8de7-ccc2c0ed40ca",
    "data": [
      {
        "text": "หมายเลขอาคารชุดพักอาศัยอิหยัง",
        "userDefined": false
      }
    ],
    "isTemplate": false,
    "count": 0,
    "lang": "th",
    "updated": 0
  },
  {
    "id": "2cbebcd3-f8d2-4237-8745-918a78bd885f",
    "data": [
      {
        "text": "หมายเลขอาคารชุดพักอาศัยอะไร",
        "userDefined": false
      }
    ],
    "isTemplate": false,
    "count": 0,
    "lang": "th",
    "updated": 0
  },
  {
    "id": "43577d3c-38e4-49a4-9eb9-7e6a6152113b",
    "data": [
      {
        "text": "หมายเลขอาคารชุดพักอาศัยหมายเลขที่เท่าไหร่",
        "userDefined": false
      }
    ],
    "isTemplate": false,
    "count": 0,
    "lang": "th",
    "updated": 0
  },
  {
    "id": "b99d40ed-b684-4228-86ee-1666e2d14be4",
    "data": [
      {
        "text": "หมายเลขอาคารชุดพักอาศัยหมายเลขที่",
        "userDefined": false
      }
    ],
    "isTemplate": false,
    "count": 0,
    "lang": "th",
    "updated": 0
  },
  {
    "id": "19f0a73e-917a-48f5-967a-008a670dc3a2",
    "data": [
      {
        "text": "หมายเลขอาคารอาคารชุดพักอาศัย",
        "userDefined": false
      }
    ],
    "isTemplate": false,
    "count": 0,
    "lang": "th",
    "updated": 0
  },
  {
    "id": "7f8de157-3277-46be-b97b-00caa61099a3",
    "data": [
      {
        "text": "ชุดพักอาศัยเลขอิหยัง",
        "userDefined": false
      }
    ],
    "isTemplate": false,
    "count": 0,
    "lang": "th",
    "updated": 0
  },
  {
    "id": "e8863520-df1a-4858-9e9b-52472f9c59cb",
    "data": [
      {
        "text": "ชุดพักอาศัยคือเลขอิหยัง",
        "userDefined": false
      }
    ],
    "isTemplate": false,
    "count": 0,
    "lang": "th",
    "updated": 0
  },
  {
    "id": "6b0afc55-69cb-49c6-8bba-37eb3b77b2e4",
    "data": [
      {
        "text": "ชุดพักอาศัยคือเลขเท่าไหร่",
        "userDefined": false
      }
    ],
    "isTemplate": false,
    "count": 0,
    "lang": "th",
    "updated": 0
  },
  {
    "id": "506c759a-fa9a-4e60-b19f-5d3308d6ea07",
    "data": [
      {
        "text": "ชุดพักอาศัยคือเลขที่เท่าไหร่",
        "userDefined": false
      }
    ],
    "isTemplate": false,
    "count": 0,
    "lang": "th",
    "updated": 0
  },
  {
    "id": "e3cd2fd7-9f09-4669-908a-7747fcacb1d5",
    "data": [
      {
        "text": "ชุดพักอาศัยคือเลขอะไร",
        "userDefined": false
      }
    ],
    "isTemplate": false,
    "count": 0,
    "lang": "th",
    "updated": 0
  },
  {
    "id": "4b90f095-e82d-4bb7-8a20-6ace2cc5b65a",
    "data": [
      {
        "text": "ชุดพักอาศัยเลขอะไร",
        "userDefined": false
      }
    ],
    "isTemplate": false,
    "count": 0,
    "lang": "th",
    "updated": 0
  },
  {
    "id": "cbe09954-9180-495b-85fc-908eaa0dd853",
    "data": [
      {
        "text": "ชุดพักอาศัยเลข?",
        "userDefined": false
      }
    ],
    "isTemplate": false,
    "count": 0,
    "lang": "th",
    "updated": 0
  },
  {
    "id": "35fff74f-4bd8-4868-8ea8-344d32f7e629",
    "data": [
      {
        "text": "ชุดพักอาศัยเลขที่",
        "userDefined": false
      }
    ],
    "isTemplate": false,
    "count": 0,
    "lang": "th",
    "updated": 0
  },
  {
    "id": "d28bbf06-aa1c-46db-b60d-a449a46e93dd",
    "data": [
      {
        "text": "ชุดพักอาศัยเลขที่เท่าไหร่",
        "userDefined": false
      }
    ],
    "isTemplate": false,
    "count": 0,
    "lang": "th",
    "updated": 0
  },
  {
    "id": "63328405-c16b-4372-966a-d7810b04d346",
    "data": [
      {
        "text": "ชุดพักอาศัยเลข",
        "userDefined": false
      }
    ],
    "isTemplate": false,
    "count": 0,
    "lang": "th",
    "updated": 0
  },
  {
    "id": "af4dd861-02e9-44ab-91a1-a7e058cf97d4",
    "data": [
      {
        "text": "ชุดพักอาศัยตึกเลขอะไร",
        "userDefined": false
      }
    ],
    "isTemplate": false,
    "count": 0,
    "lang": "th",
    "updated": 0
  },
  {
    "id": "7e6e22a1-c835-404b-b6c5-5855405948af",
    "data": [
      {
        "text": "ชุดพักอาศัยตึกเลขที่เท่าไหร่",
        "userDefined": false
      }
    ],
    "isTemplate": false,
    "count": 0,
    "lang": "th",
    "updated": 0
  },
  {
    "id": "22cb692e-c381-4e35-bcbe-72f5d5473642",
    "data": [
      {
        "text": "ชุดพักอาศัยตึกที่เท่าไหร่",
        "userDefined": false
      }
    ],
    "isTemplate": false,
    "count": 0,
    "lang": "th",
    "updated": 0
  },
  {
    "id": "446e071d-62c2-4b52-9c56-96d5b08dcd99",
    "data": [
      {
        "text": "ชุดพักอาศัยตึกที่",
        "userDefined": false
      }
    ],
    "isTemplate": false,
    "count": 0,
    "lang": "th",
    "updated": 0
  },
  {
    "id": "1b4ffd28-b641-496e-b149-72460e536e78",
    "data": [
      {
        "text": "อาคารชุดพักอาศัย",
        "userDefined": false
      }
    ],
    "isTemplate": false,
    "count": 0,
    "lang": "th",
    "updated": 0
  }
]