[
  {
    "id": "ad8cc756-e5d9-4682-bcab-3f0cd3e2e0f2",
    "data": [
      {
        "text": "1",
        "meta": "@sys.number",
        "alias": "number",
        "userDefined": false
      }
    ],
    "isTemplate": false,
    "count": 0,
    "lang": "th",
    "updated": 0
  },
  {
    "id": "3abf290c-b9a8-4b3f-af16-5c12215b2f09",
    "data": [
      {
        "text": "อาคาร1",
        "userDefined": false
      }
    ],
    "isTemplate": false,
    "count": 0,
    "lang": "th",
    "updated": 0
  },
  {
    "id": "4453c7d7-126b-4367-ad6b-980178ab5b62",
    "data": [
      {
        "text": "เลขตึกบริหารคือ",
        "userDefined": false
      }
    ],
    "isTemplate": false,
    "count": 0,
    "lang": "th",
    "updated": 0
  },
  {
    "id": "ced824d4-918a-4bb3-8ee3-4c5bdc7ad511",
    "data": [
      {
        "text": "หมายเลขตึกบริหารคือ",
        "userDefined": false
      }
    ],
    "isTemplate": false,
    "count": 0,
    "lang": "th",
    "updated": 0
  },
  {
    "id": "f4d4ab45-2c99-4fee-9671-04117d1e13a8",
    "data": [
      {
        "text": "หมายเลขอาคารบริหารคือ",
        "userDefined": false
      }
    ],
    "isTemplate": false,
    "count": 0,
    "lang": "th",
    "updated": 0
  },
  {
    "id": "6a780fe6-479b-4d14-94ff-b7d5c8bdb002",
    "data": [
      {
        "text": "อาคารบริหารเลข",
        "userDefined": false
      }
    ],
    "isTemplate": false,
    "count": 0,
    "lang": "th",
    "updated": 0
  },
  {
    "id": "5e451688-0c05-4140-b638-5698f5ae0969",
    "data": [
      {
        "text": "ตึกบริหารหมายเลขที่เท่าไหร่",
        "userDefined": false
      }
    ],
    "isTemplate": false,
    "count": 0,
    "lang": "th",
    "updated": 0
  },
  {
    "id": "a997f309-d0fe-43a0-8a4a-bfeff66a88ee",
    "data": [
      {
        "text": "ตึกบริหารเลขที่เท่าไหร่",
        "userDefined": false
      }
    ],
    "isTemplate": false,
    "count": 0,
    "lang": "th",
    "updated": 0
  },
  {
    "id": "ab37ed76-3440-4749-975d-786b0b890512",
    "data": [
      {
        "text": "ตึกบริหารเลขที่",
        "userDefined": false
      }
    ],
    "isTemplate": false,
    "count": 0,
    "lang": "th",
    "updated": 0
  },
  {
    "id": "637cfe61-20f8-44dc-84a9-23b0d99e8fad",
    "data": [
      {
        "text": "ตึกบริหารเลขอะไร",
        "userDefined": false
      }
    ],
    "isTemplate": false,
    "count": 0,
    "lang": "th",
    "updated": 0
  },
  {
    "id": "5007110b-4dc5-4b73-b623-a735158a5abe",
    "data": [
      {
        "text": "อาคารบริหารอาคารที่เท่าไหร่",
        "userDefined": false
      }
    ],
    "isTemplate": false,
    "count": 0,
    "lang": "th",
    "updated": 0
  },
  {
    "id": "2e26dd5e-19d3-4b44-9e10-42ee44cb6ff1",
    "data": [
      {
        "text": "อาคารบริหารคืออาคารหมายเลขอิหยัง",
        "userDefined": false
      }
    ],
    "isTemplate": false,
    "count": 0,
    "lang": "th",
    "updated": 0
  },
  {
    "id": "bd7ef582-cffc-43bd-bdca-a86130fb86f3",
    "data": [
      {
        "text": "อาคารบริหารคืออาคารหมายเลขอะไร",
        "userDefined": false
      }
    ],
    "isTemplate": false,
    "count": 0,
    "lang": "th",
    "updated": 0
  },
  {
    "id": "51767c5c-36c6-474d-8d2c-84ede910ac18",
    "data": [
      {
        "text": "อาคารบริหารคืออาคารหมายเลข",
        "userDefined": false
      }
    ],
    "isTemplate": false,
    "count": 0,
    "lang": "th",
    "updated": 0
  },
  {
    "id": "d2c7acae-4826-4b54-aaf9-838690b7f323",
    "data": [
      {
        "text": "อาคารบริหารคือหมายเลข",
        "userDefined": false
      }
    ],
    "isTemplate": false,
    "count": 0,
    "lang": "th",
    "updated": 0
  },
  {
    "id": "220750a3-d952-456e-bf7a-3c74fd408ffa",
    "data": [
      {
        "text": "อาคารบริหารหมายเลขอิหยัง",
        "userDefined": false
      }
    ],
    "isTemplate": false,
    "count": 0,
    "lang": "th",
    "updated": 0
  },
  {
    "id": "d8010b86-6b7f-4c1c-92d7-7dd69e2d91f4",
    "data": [
      {
        "text": "อาคารบริหารหมายเลขอะไร",
        "userDefined": false
      }
    ],
    "isTemplate": false,
    "count": 0,
    "lang": "th",
    "updated": 0
  },
  {
    "id": "01f6ae0b-acac-4712-93ad-27bfc08c1f86",
    "data": [
      {
        "text": "อาคารบริหารหมายเลข",
        "userDefined": false
      }
    ],
    "isTemplate": false,
    "count": 0,
    "lang": "th",
    "updated": 0
  },
  {
    "id": "cde60552-ab95-48b7-a7d5-8869901409c3",
    "data": [
      {
        "text": "อาคารบริหารคือเลขอิหยัง",
        "userDefined": false
      }
    ],
    "isTemplate": false,
    "count": 0,
    "lang": "th",
    "updated": 0
  },
  {
    "id": "16cb622d-b071-4747-b7a6-381d7248cf68",
    "data": [
      {
        "text": "อาคารบริหารคือเลขอะไร",
        "userDefined": false
      }
    ],
    "isTemplate": false,
    "count": 0,
    "lang": "th",
    "updated": 0
  },
  {
    "id": "f6f0947c-7825-433f-9974-34675d674260",
    "data": [
      {
        "text": "อาคารบริหารคือเลข",
        "userDefined": false
      }
    ],
    "isTemplate": false,
    "count": 0,
    "lang": "th",
    "updated": 0
  },
  {
    "id": "f50e9707-58f0-41d2-84b6-a9df081a70f3",
    "data": [
      {
        "text": "อาคารบริหารเลขอิหยัง",
        "userDefined": false
      }
    ],
    "isTemplate": false,
    "count": 0,
    "lang": "th",
    "updated": 0
  },
  {
    "id": "fc6dcadc-1c0e-4f29-9a39-246279e4ec04",
    "data": [
      {
        "text": "อาคารบริหารเลขอะไร",
        "userDefined": false
      }
    ],
    "isTemplate": false,
    "count": 1,
    "lang": "th",
    "updated": 0
  },
  {
    "id": "de8178b0-f78e-44f4-9ae5-850cd8860b8b",
    "data": [
      {
        "text": "อาคารบริหารเลขที่เท่าไหร่",
        "userDefined": false
      }
    ],
    "isTemplate": false,
    "count": 0,
    "lang": "th",
    "updated": 0
  },
  {
    "id": "a1cae715-79cd-4c2a-8cc9-1227e3351b8c",
    "data": [
      {
        "text": "อาคารบริหาร",
        "userDefined": false
      }
    ],
    "isTemplate": false,
    "count": 1,
    "lang": "th",
    "updated": 0
  },
  {
    "id": "c7714224-8935-421f-985b-8dfccf51fe21",
    "data": [
      {
        "text": "เลขอาคารบริหาร",
        "userDefined": false
      }
    ],
    "isTemplate": false,
    "count": 0,
    "lang": "th",
    "updated": 0
  },
  {
    "id": "0bbd09f2-84ed-4756-b8da-063f473bcdff",
    "data": [
      {
        "text": "เลขบริหารอิหยัง",
        "userDefined": false
      }
    ],
    "isTemplate": false,
    "count": 0,
    "lang": "th",
    "updated": 0
  },
  {
    "id": "f6bdbece-92f6-4885-ac4c-d7deba162f1f",
    "data": [
      {
        "text": "เลขบริหารอะไร",
        "userDefined": false
      }
    ],
    "isTemplate": false,
    "count": 0,
    "lang": "th",
    "updated": 0
  },
  {
    "id": "0defe856-c612-46f6-ac63-5e40c7d7f543",
    "data": [
      {
        "text": "เลขบริหารที่เท่าไหร่",
        "userDefined": false
      }
    ],
    "isTemplate": false,
    "count": 0,
    "lang": "th",
    "updated": 0
  },
  {
    "id": "9d88be65-addf-4192-848d-5dc1f5362078",
    "data": [
      {
        "text": "เลขบริหารเท่าไหร่",
        "userDefined": false
      }
    ],
    "isTemplate": false,
    "count": 0,
    "lang": "th",
    "updated": 0
  },
  {
    "id": "ea53354b-8f7f-4fbc-8df3-ad3d753e3c2d",
    "data": [
      {
        "text": "เลขบริหาร",
        "userDefined": false
      }
    ],
    "isTemplate": false,
    "count": 0,
    "lang": "th",
    "updated": 0
  },
  {
    "id": "41c204a1-63b5-4cdb-b728-813bf1ba396e",
    "data": [
      {
        "text": "หมายเลขอาคารบริหารคืออิหยัง",
        "userDefined": false
      }
    ],
    "isTemplate": false,
    "count": 0,
    "lang": "th",
    "updated": 0
  },
  {
    "id": "22f58ecd-eb0e-44b2-9102-b3588d77227f",
    "data": [
      {
        "text": "หมายเลขอาคารบริหารคืออะไร",
        "userDefined": false
      }
    ],
    "isTemplate": false,
    "count": 1,
    "lang": "th",
    "updated": 0
  },
  {
    "id": "4aac8387-f37c-4a97-a19c-df7d629ae70a",
    "data": [
      {
        "text": "หมายเลขอาคารบริหารอิหยัง",
        "userDefined": false
      }
    ],
    "isTemplate": false,
    "count": 0,
    "lang": "th",
    "updated": 0
  },
  {
    "id": "b8c5a398-1bfe-48a0-8bf1-6d136fd183f5",
    "data": [
      {
        "text": "หมายเลขอาคารบริหารอะไร",
        "userDefined": false
      }
    ],
    "isTemplate": false,
    "count": 0,
    "lang": "th",
    "updated": 0
  },
  {
    "id": "7f5397e9-136f-4ee4-ad54-87c1b33fca1e",
    "data": [
      {
        "text": "หมายเลขอาคารบริหารหมายเลขที่เท่าไหร่",
        "userDefined": false
      }
    ],
    "isTemplate": false,
    "count": 0,
    "lang": "th",
    "updated": 0
  },
  {
    "id": "8e920200-c46e-4d24-93be-d77c58023905",
    "data": [
      {
        "text": "หมายเลขอาคารบริหารหมายเลขที่",
        "userDefined": false
      }
    ],
    "isTemplate": false,
    "count": 0,
    "lang": "th",
    "updated": 0
  },
  {
    "id": "1ffb77c7-dc87-4974-9268-993e952252b7",
    "data": [
      {
        "text": "หมายเลขอาคารบริหาร",
        "userDefined": false
      }
    ],
    "isTemplate": false,
    "count": 0,
    "lang": "th",
    "updated": 0
  },
  {
    "id": "8b4d75fc-c1ad-4de8-856f-29254e7a28d6",
    "data": [
      {
        "text": "บริหารเลขอิหยัง",
        "userDefined": false
      }
    ],
    "isTemplate": false,
    "count": 0,
    "lang": "th",
    "updated": 0
  },
  {
    "id": "9bc01720-459a-4ea0-9d8a-fdb3046d8999",
    "data": [
      {
        "text": "บริหารคือเลขอิหยัง",
        "userDefined": false
      }
    ],
    "isTemplate": false,
    "count": 0,
    "lang": "th",
    "updated": 0
  },
  {
    "id": "8cf7247d-4c8f-4768-a9cd-723f30910ca7",
    "data": [
      {
        "text": "บริหารคือเลขเท่าไหร่",
        "userDefined": false
      }
    ],
    "isTemplate": false,
    "count": 0,
    "lang": "th",
    "updated": 0
  },
  {
    "id": "3ce09eb7-28fd-4314-a3e3-dd8fa66d2901",
    "data": [
      {
        "text": "บริหารคือเลขที่เท่าไหร่",
        "userDefined": false
      }
    ],
    "isTemplate": false,
    "count": 0,
    "lang": "th",
    "updated": 0
  },
  {
    "id": "8aa8726f-c64c-4214-93f0-d3c6ada9aea9",
    "data": [
      {
        "text": "บริหารคือเลขอะไร",
        "userDefined": false
      }
    ],
    "isTemplate": false,
    "count": 0,
    "lang": "th",
    "updated": 0
  },
  {
    "id": "0ad2a727-ef6c-4bd8-a0d5-38d5864e40ea",
    "data": [
      {
        "text": "บริหารเลขอะไร",
        "userDefined": false
      }
    ],
    "isTemplate": false,
    "count": 0,
    "lang": "th",
    "updated": 0
  },
  {
    "id": "bd27048f-a16e-4653-94f6-3afdf6445345",
    "data": [
      {
        "text": "บริหารเลข?",
        "userDefined": false
      }
    ],
    "isTemplate": false,
    "count": 0,
    "lang": "th",
    "updated": 0
  },
  {
    "id": "5b8557f0-9c69-4a20-8324-fa9cd01c3d56",
    "data": [
      {
        "text": "บริหารเลขที่",
        "userDefined": false
      }
    ],
    "isTemplate": false,
    "count": 0,
    "lang": "th",
    "updated": 0
  },
  {
    "id": "772bf13f-d95a-474d-98a6-51257eb97df4",
    "data": [
      {
        "text": "บริหารเลขที่เท่าไหร่",
        "userDefined": false
      }
    ],
    "isTemplate": false,
    "count": 0,
    "lang": "th",
    "updated": 0
  },
  {
    "id": "88bd7e34-2748-4e21-b2eb-e425e249aedf",
    "data": [
      {
        "text": "บริหารเลข",
        "userDefined": false
      }
    ],
    "isTemplate": false,
    "count": 0,
    "lang": "th",
    "updated": 0
  },
  {
    "id": "c80658db-37e1-477a-bde5-14f3b34aa80d",
    "data": [
      {
        "text": "บริหารตึกเลขอะไร",
        "userDefined": false
      }
    ],
    "isTemplate": false,
    "count": 0,
    "lang": "th",
    "updated": 0
  },
  {
    "id": "2b409325-b4ee-425c-8513-34799be2bf89",
    "data": [
      {
        "text": "บริหารตึกเลขที่เท่าไหร่",
        "userDefined": false
      }
    ],
    "isTemplate": false,
    "count": 0,
    "lang": "th",
    "updated": 0
  },
  {
    "id": "c4042752-9d38-4db3-b62a-806d7abfb95e",
    "data": [
      {
        "text": "บริหารตึกที่เท่าไหร่",
        "userDefined": false
      }
    ],
    "isTemplate": false,
    "count": 0,
    "lang": "th",
    "updated": 0
  },
  {
    "id": "eb9ed822-a14c-47b8-80e6-73427f862d92",
    "data": [
      {
        "text": "บริหารตึกที่",
        "userDefined": false
      }
    ],
    "isTemplate": false,
    "count": 0,
    "lang": "th",
    "updated": 0
  },
  {
    "id": "0ccc4be3-3138-425b-ba56-442332fa7d24",
    "data": [
      {
        "text": "บริหาร",
        "userDefined": false
      }
    ],
    "isTemplate": false,
    "count": 0,
    "lang": "th",
    "updated": 0
  }
]