[
  {
    "id": "877c2ebd-47b2-43c3-925a-5e8985a946e8",
    "data": [
      {
        "text": "เลขตึกเรียนรวมคือ",
        "userDefined": false
      }
    ],
    "isTemplate": false,
    "count": 0,
    "lang": "th",
    "updated": 0
  },
  {
    "id": "7a7fc7b8-4431-4a73-b1ea-0bb7fe068f24",
    "data": [
      {
        "text": "หมายเลขตึกเรียนรวมคือ",
        "userDefined": false
      }
    ],
    "isTemplate": false,
    "count": 0,
    "lang": "th",
    "updated": 0
  },
  {
    "id": "bc98651d-9e88-4e42-8509-e6d01c0f2c43",
    "data": [
      {
        "text": "หมายเลขอาคารเรียนรวมคือ",
        "userDefined": false
      }
    ],
    "isTemplate": false,
    "count": 0,
    "lang": "th",
    "updated": 0
  },
  {
    "id": "0ce5d55e-134d-4167-a63a-f9c6e66d2324",
    "data": [
      {
        "text": "อาคารเรียนรวมเลข",
        "userDefined": false
      }
    ],
    "isTemplate": false,
    "count": 0,
    "lang": "th",
    "updated": 0
  },
  {
    "id": "d038ba03-d459-4f17-bf5b-d47de82cd33c",
    "data": [
      {
        "text": "ตึกเรียนรวมหมายเลขที่เท่าไหร่",
        "userDefined": false
      }
    ],
    "isTemplate": false,
    "count": 0,
    "lang": "th",
    "updated": 0
  },
  {
    "id": "7112a440-fca7-4513-b8d2-d07c78a7a8cf",
    "data": [
      {
        "text": "ตึกเรียนรวมเลขที่เท่าไหร่",
        "userDefined": false
      }
    ],
    "isTemplate": false,
    "count": 0,
    "lang": "th",
    "updated": 0
  },
  {
    "id": "ddfb6c1b-c599-4d49-a3f6-2d5f2e0cc5c9",
    "data": [
      {
        "text": "ตึกเรียนรวมเลขที่",
        "userDefined": false
      }
    ],
    "isTemplate": false,
    "count": 0,
    "lang": "th",
    "updated": 0
  },
  {
    "id": "49a3bcd9-ec8a-4264-99a1-367fed074a3c",
    "data": [
      {
        "text": "ตึกเรียนรวมเลขอะไร",
        "userDefined": false
      }
    ],
    "isTemplate": false,
    "count": 0,
    "lang": "th",
    "updated": 0
  },
  {
    "id": "180d1a38-0dcd-4e09-bf64-9f770354be41",
    "data": [
      {
        "text": "อาคารเรียนรวมอาคารที่เท่าไหร่",
        "userDefined": false
      }
    ],
    "isTemplate": false,
    "count": 0,
    "lang": "th",
    "updated": 0
  },
  {
    "id": "03ee360e-3c55-4dc4-9655-c959ff6db00c",
    "data": [
      {
        "text": "อาคารเรียนรวมคืออาคารหมายเลขอิหยัง",
        "userDefined": false
      }
    ],
    "isTemplate": false,
    "count": 0,
    "lang": "th",
    "updated": 0
  },
  {
    "id": "8ab8e3b0-9827-4512-a959-ab2496d7f498",
    "data": [
      {
        "text": "อาคารเรียนรวมคืออาคารหมายเลขอะไร",
        "userDefined": false
      }
    ],
    "isTemplate": false,
    "count": 0,
    "lang": "th",
    "updated": 0
  },
  {
    "id": "5e54feb9-3e99-48ea-adfa-9f4e297649ff",
    "data": [
      {
        "text": "อาคารเรียนรวมคืออาคารหมายเลข",
        "userDefined": false
      }
    ],
    "isTemplate": false,
    "count": 0,
    "lang": "th",
    "updated": 0
  },
  {
    "id": "c8ab9de9-ea04-4cae-9751-ff61a3c3ebed",
    "data": [
      {
        "text": "อาคารเรียนรวมคือหมายเลข",
        "userDefined": false
      }
    ],
    "isTemplate": false,
    "count": 0,
    "lang": "th",
    "updated": 0
  },
  {
    "id": "70413f15-5df9-444f-a14b-779252c1f39e",
    "data": [
      {
        "text": "อาคารเรียนรวมหมายเลขอิหยัง",
        "userDefined": false
      }
    ],
    "isTemplate": false,
    "count": 0,
    "lang": "th",
    "updated": 0
  },
  {
    "id": "4d0b99dd-86d3-4a4d-a1ac-1fbff063d390",
    "data": [
      {
        "text": "อาคารเรียนรวมหมายเลขอะไร",
        "userDefined": false
      }
    ],
    "isTemplate": false,
    "count": 0,
    "lang": "th",
    "updated": 0
  },
  {
    "id": "6646c968-9b35-46a7-8aa1-9db5e758b39d",
    "data": [
      {
        "text": "อาคารเรียนรวมหมายเลข",
        "userDefined": false
      }
    ],
    "isTemplate": false,
    "count": 0,
    "lang": "th",
    "updated": 0
  },
  {
    "id": "4d4953f7-ced8-467c-9a67-142b4da8cb36",
    "data": [
      {
        "text": "อาคารเรียนรวมคือเลขอิหยัง",
        "userDefined": false
      }
    ],
    "isTemplate": false,
    "count": 0,
    "lang": "th",
    "updated": 0
  },
  {
    "id": "b404ae33-74a4-4d4f-8699-4a7ceb3cf71b",
    "data": [
      {
        "text": "อาคารเรียนรวมคือเลขอะไร",
        "userDefined": false
      }
    ],
    "isTemplate": false,
    "count": 0,
    "lang": "th",
    "updated": 0
  },
  {
    "id": "c8fa29df-172e-44e0-9c6e-76630ea46b32",
    "data": [
      {
        "text": "อาคารเรียนรวมคือเลข",
        "userDefined": false
      }
    ],
    "isTemplate": false,
    "count": 0,
    "lang": "th",
    "updated": 0
  },
  {
    "id": "9847da50-d6d3-421b-a06d-faaeaa415249",
    "data": [
      {
        "text": "อาคารเรียนรวมเลขอิหยัง",
        "userDefined": false
      }
    ],
    "isTemplate": false,
    "count": 0,
    "lang": "th",
    "updated": 0
  },
  {
    "id": "d64fd557-cf9d-46d1-9659-fdead3e02f51",
    "data": [
      {
        "text": "อาคารเรียนรวมเลขอะไร",
        "userDefined": false
      }
    ],
    "isTemplate": false,
    "count": 1,
    "lang": "th",
    "updated": 0
  },
  {
    "id": "8a3c6a88-b28e-4d9c-b0df-c9bb79e27da2",
    "data": [
      {
        "text": "อาคารเรียนรวมเลขที่เท่าไหร่",
        "userDefined": false
      }
    ],
    "isTemplate": false,
    "count": 0,
    "lang": "th",
    "updated": 0
  },
  {
    "id": "4709b3b8-7c0d-47e6-9271-199c149fcc1f",
    "data": [
      {
        "text": "อาคารอาคารเรียนรวม",
        "userDefined": false
      }
    ],
    "isTemplate": false,
    "count": 0,
    "lang": "th",
    "updated": 0
  },
  {
    "id": "f2fa3980-9a38-4e95-aa5a-26d63fb9b8c1",
    "data": [
      {
        "text": "เลขอาคารอาคารเรียนรวม",
        "userDefined": false
      }
    ],
    "isTemplate": false,
    "count": 0,
    "lang": "th",
    "updated": 0
  },
  {
    "id": "dc9f43cf-b894-4fb7-aa7b-9c5816e2a5b0",
    "data": [
      {
        "text": "เลขเรียนรวมอิหยัง",
        "userDefined": false
      }
    ],
    "isTemplate": false,
    "count": 0,
    "lang": "th",
    "updated": 0
  },
  {
    "id": "a117da97-6c46-4b0e-a76d-5f44e28cb98d",
    "data": [
      {
        "text": "เลขเรียนรวมอะไร",
        "userDefined": false
      }
    ],
    "isTemplate": false,
    "count": 0,
    "lang": "th",
    "updated": 0
  },
  {
    "id": "4d44db42-17f2-491f-bfa8-c38bb549e857",
    "data": [
      {
        "text": "เลขเรียนรวมที่เท่าไหร่",
        "userDefined": false
      }
    ],
    "isTemplate": false,
    "count": 0,
    "lang": "th",
    "updated": 0
  },
  {
    "id": "ae742c86-545d-4e96-8b38-8bba13741291",
    "data": [
      {
        "text": "เลขเรียนรวมเท่าไหร่",
        "userDefined": false
      }
    ],
    "isTemplate": false,
    "count": 0,
    "lang": "th",
    "updated": 0
  },
  {
    "id": "1a39767b-b863-419c-84fb-8eb37f4ee97d",
    "data": [
      {
        "text": "เลขเรียนรวม",
        "userDefined": false
      }
    ],
    "isTemplate": false,
    "count": 0,
    "lang": "th",
    "updated": 0
  },
  {
    "id": "e1f82097-7148-43f2-af4b-8da9f21ec32d",
    "data": [
      {
        "text": "หมายเลขอาคารเรียนรวมคืออิหยัง",
        "userDefined": false
      }
    ],
    "isTemplate": false,
    "count": 0,
    "lang": "th",
    "updated": 0
  },
  {
    "id": "8ab3b230-9203-46c4-ae8e-150c1fc54f0b",
    "data": [
      {
        "text": "หมายเลขอาคารเรียนรวมคืออะไร",
        "userDefined": false
      }
    ],
    "isTemplate": false,
    "count": 1,
    "lang": "th",
    "updated": 0
  },
  {
    "id": "ec0df90a-d40f-4e7b-8887-28042673399f",
    "data": [
      {
        "text": "หมายเลขอาคารเรียนรวมอิหยัง",
        "userDefined": false
      }
    ],
    "isTemplate": false,
    "count": 0,
    "lang": "th",
    "updated": 0
  },
  {
    "id": "4cf3e850-2c69-48b1-b5c3-eeb3ff25c640",
    "data": [
      {
        "text": "หมายเลขอาคารเรียนรวมอะไร",
        "userDefined": false
      }
    ],
    "isTemplate": false,
    "count": 0,
    "lang": "th",
    "updated": 0
  },
  {
    "id": "cb0a690d-5295-4e7a-b246-daa27f2d0de2",
    "data": [
      {
        "text": "หมายเลขอาคารเรียนรวมหมายเลขที่เท่าไหร่",
        "userDefined": false
      }
    ],
    "isTemplate": false,
    "count": 0,
    "lang": "th",
    "updated": 0
  },
  {
    "id": "43a49c58-da85-4d1a-b10f-68aed5bd5d04",
    "data": [
      {
        "text": "หมายเลขอาคารเรียนรวมหมายเลขที่",
        "userDefined": false
      }
    ],
    "isTemplate": false,
    "count": 0,
    "lang": "th",
    "updated": 0
  },
  {
    "id": "c1589643-09c4-4ec7-9702-9abd2d3ba02b",
    "data": [
      {
        "text": "หมายเลขอาคารอาคารเรียนรวม",
        "userDefined": false
      }
    ],
    "isTemplate": false,
    "count": 0,
    "lang": "th",
    "updated": 0
  },
  {
    "id": "ae22ec5f-f031-42f3-92de-83b3702f5e47",
    "data": [
      {
        "text": "เรียนรวมเลขอิหยัง",
        "userDefined": false
      }
    ],
    "isTemplate": false,
    "count": 0,
    "lang": "th",
    "updated": 0
  },
  {
    "id": "a9655004-28d2-45e9-870e-09c6759d25ae",
    "data": [
      {
        "text": "เรียนรวมคือเลขอิหยัง",
        "userDefined": false
      }
    ],
    "isTemplate": false,
    "count": 0,
    "lang": "th",
    "updated": 0
  },
  {
    "id": "410d0683-f0d5-4a4a-acba-41abde155077",
    "data": [
      {
        "text": "เรียนรวมคือเลขเท่าไหร่",
        "userDefined": false
      }
    ],
    "isTemplate": false,
    "count": 0,
    "lang": "th",
    "updated": 0
  },
  {
    "id": "c840ffd9-6ecc-4fba-8ab9-0bec54697b07",
    "data": [
      {
        "text": "เรียนรวมคือเลขที่เท่าไหร่",
        "userDefined": false
      }
    ],
    "isTemplate": false,
    "count": 0,
    "lang": "th",
    "updated": 0
  },
  {
    "id": "a16e5846-74c8-43f4-98a5-d448c0ca289d",
    "data": [
      {
        "text": "เรียนรวมคือเลขอะไร",
        "userDefined": false
      }
    ],
    "isTemplate": false,
    "count": 0,
    "lang": "th",
    "updated": 0
  },
  {
    "id": "462f02d6-f76e-4506-9d40-b2478f134d36",
    "data": [
      {
        "text": "เรียนรวมเลขอะไร",
        "userDefined": false
      }
    ],
    "isTemplate": false,
    "count": 0,
    "lang": "th",
    "updated": 0
  },
  {
    "id": "b1154b45-55a4-4667-b7f8-e3c7f5e85c32",
    "data": [
      {
        "text": "เรียนรวมเลข?",
        "userDefined": false
      }
    ],
    "isTemplate": false,
    "count": 0,
    "lang": "th",
    "updated": 0
  },
  {
    "id": "2499fb97-5fec-4a96-bbaa-9404743fd766",
    "data": [
      {
        "text": "เรียนรวมเลขที่",
        "userDefined": false
      }
    ],
    "isTemplate": false,
    "count": 0,
    "lang": "th",
    "updated": 0
  },
  {
    "id": "b4237506-770a-4ee4-bb15-bbf1da33e810",
    "data": [
      {
        "text": "เรียนรวมเลขที่เท่าไหร่",
        "userDefined": false
      }
    ],
    "isTemplate": false,
    "count": 0,
    "lang": "th",
    "updated": 0
  },
  {
    "id": "f0056ed6-124d-490e-b754-f69580ed1012",
    "data": [
      {
        "text": "เรียนรวมเลข",
        "userDefined": false
      }
    ],
    "isTemplate": false,
    "count": 0,
    "lang": "th",
    "updated": 0
  },
  {
    "id": "aec9b24e-4157-437a-a0f2-0b04ae7d65d6",
    "data": [
      {
        "text": "เรียนรวมตึกเลขอะไร",
        "userDefined": false
      }
    ],
    "isTemplate": false,
    "count": 0,
    "lang": "th",
    "updated": 0
  },
  {
    "id": "84f96d04-9c59-4756-94dc-f01c3e989f7f",
    "data": [
      {
        "text": "เรียนรวมตึกเลขที่เท่าไหร่",
        "userDefined": false
      }
    ],
    "isTemplate": false,
    "count": 0,
    "lang": "th",
    "updated": 0
  },
  {
    "id": "2d329dfb-0036-4091-a6a3-db5b9352f142",
    "data": [
      {
        "text": "เรียนรวมตึกที่เท่าไหร่",
        "userDefined": false
      }
    ],
    "isTemplate": false,
    "count": 0,
    "lang": "th",
    "updated": 0
  },
  {
    "id": "23eb4fa8-059c-431d-99d1-87c4c2907cb4",
    "data": [
      {
        "text": "เรียนรวมตึกที่",
        "userDefined": false
      }
    ],
    "isTemplate": false,
    "count": 0,
    "lang": "th",
    "updated": 0
  },
  {
    "id": "c817827a-3ac3-4414-a1a1-22004f3fa356",
    "data": [
      {
        "text": "อาคารเรียนรวม",
        "userDefined": false
      }
    ],
    "isTemplate": false,
    "count": 0,
    "lang": "th",
    "updated": 0
  }
]