[
  {
    "id": "dcd86dd8-d9c3-4def-904f-eb1eeb40cfea",
    "data": [
      {
        "text": "7",
        "meta": "@sys.number",
        "alias": "number",
        "userDefined": false
      }
    ],
    "isTemplate": false,
    "count": 0,
    "lang": "th",
    "updated": 0
  },
  {
    "id": "f674f46c-dc15-4c72-bdd7-436561d87179",
    "data": [
      {
        "text": "อาคาร7",
        "userDefined": false
      }
    ],
    "isTemplate": false,
    "count": 0,
    "lang": "th",
    "updated": 0
  },
  {
    "id": "b931f21e-5971-4829-9b48-dfdde32c19b9",
    "data": [
      {
        "text": "เลขตึกวิทยาศาสตร์และเทคโนโลยีคือ",
        "userDefined": false
      }
    ],
    "isTemplate": false,
    "count": 0,
    "lang": "th",
    "updated": 0
  },
  {
    "id": "6e6ebed7-299e-4138-8dd8-aac7aa7abfeb",
    "data": [
      {
        "text": "หมายเลขตึกวิทยาศาสตร์และเทคโนโลยีคือ",
        "userDefined": false
      }
    ],
    "isTemplate": false,
    "count": 0,
    "lang": "th",
    "updated": 0
  },
  {
    "id": "4c0d4544-b694-4cd7-818f-ffb4bdadbdaf",
    "data": [
      {
        "text": "หมายเลขอาคารวิทยาศาสตร์และเทคโนโลยีคือ",
        "userDefined": false
      }
    ],
    "isTemplate": false,
    "count": 0,
    "lang": "th",
    "updated": 0
  },
  {
    "id": "ea344534-3989-4344-8d60-212225f6aa6a",
    "data": [
      {
        "text": "อาคารวิทยาศาสตร์และเทคโนโลยีเลข",
        "userDefined": false
      }
    ],
    "isTemplate": false,
    "count": 1,
    "lang": "th",
    "updated": 0
  },
  {
    "id": "61e41415-8555-4c4a-8dfc-7441e0a8727e",
    "data": [
      {
        "text": "ตึกวิทยาศาสตร์และเทคโนโลยีหมายเลขที่เท่าไหร่",
        "userDefined": false
      }
    ],
    "isTemplate": false,
    "count": 0,
    "lang": "th",
    "updated": 0
  },
  {
    "id": "6cd0f82b-7df3-4526-940e-387861e87cc3",
    "data": [
      {
        "text": "ตึกวิทยาศาสตร์และเทคโนโลยีเลขที่เท่าไหร่",
        "userDefined": false
      }
    ],
    "isTemplate": false,
    "count": 0,
    "lang": "th",
    "updated": 0
  },
  {
    "id": "141324d3-eb5e-45dd-8263-1eb93a13f9ce",
    "data": [
      {
        "text": "ตึกวิทยาศาสตร์และเทคโนโลยีเลขที่",
        "userDefined": false
      }
    ],
    "isTemplate": false,
    "count": 0,
    "lang": "th",
    "updated": 0
  },
  {
    "id": "955f8b31-c1b2-49f7-82bf-bb7bf6c649a0",
    "data": [
      {
        "text": "ตึกวิทยาศาสตร์และเทคโนโลยีเลขอะไร",
        "userDefined": false
      }
    ],
    "isTemplate": false,
    "count": 0,
    "lang": "th",
    "updated": 0
  },
  {
    "id": "45798417-964b-4dae-918e-e119cac05cb0",
    "data": [
      {
        "text": "อาคารวิทยาศาสตร์และเทคโนโลยีอาคารที่เท่าไหร่",
        "userDefined": false
      }
    ],
    "isTemplate": false,
    "count": 0,
    "lang": "th",
    "updated": 0
  },
  {
    "id": "173bfc39-f849-4efd-9fc1-f211b3d5a60f",
    "data": [
      {
        "text": "อาคารวิทยาศาสตร์และเทคโนโลยีคืออาคารหมายเลขอิหยัง",
        "userDefined": false
      }
    ],
    "isTemplate": false,
    "count": 0,
    "lang": "th",
    "updated": 0
  },
  {
    "id": "24d3a136-42f2-42a3-9234-bec70d1a4957",
    "data": [
      {
        "text": "อาคารวิทยาศาสตร์และเทคโนโลยีคืออาคารหมายเลขอะไร",
        "userDefined": false
      }
    ],
    "isTemplate": false,
    "count": 0,
    "lang": "th",
    "updated": 0
  },
  {
    "id": "d3177013-9172-4373-a8dd-69c24fa152b1",
    "data": [
      {
        "text": "อาคารวิทยาศาสตร์และเทคโนโลยีคืออาคารหมายเลข",
        "userDefined": false
      }
    ],
    "isTemplate": false,
    "count": 0,
    "lang": "th",
    "updated": 0
  },
  {
    "id": "9cae2449-fa88-43c7-af66-6ed521e11676",
    "data": [
      {
        "text": "อาคารวิทยาศาสตร์และเทคโนโลยีคือหมายเลข",
        "userDefined": false
      }
    ],
    "isTemplate": false,
    "count": 0,
    "lang": "th",
    "updated": 0
  },
  {
    "id": "17a54982-e9e9-415d-a6b7-a13531a6b57f",
    "data": [
      {
        "text": "อาคารวิทยาศาสตร์และเทคโนโลยีหมายเลขอิหยัง",
        "userDefined": false
      }
    ],
    "isTemplate": false,
    "count": 0,
    "lang": "th",
    "updated": 0
  },
  {
    "id": "6351eb1d-0e29-4bdd-9400-880e0b9aa1b8",
    "data": [
      {
        "text": "อาคารวิทยาศาสตร์และเทคโนโลยีหมายเลขอะไร",
        "userDefined": false
      }
    ],
    "isTemplate": false,
    "count": 0,
    "lang": "th",
    "updated": 0
  },
  {
    "id": "39ec2dd5-cff9-4b40-b7af-77ca1e23858d",
    "data": [
      {
        "text": "อาคารวิทยาศาสตร์และเทคโนโลยีหมายเลข",
        "userDefined": false
      }
    ],
    "isTemplate": false,
    "count": 0,
    "lang": "th",
    "updated": 0
  },
  {
    "id": "698781ca-8e2e-4bb9-be8c-5dcb89f4f719",
    "data": [
      {
        "text": "อาคารวิทยาศาสตร์และเทคโนโลยีคือเลขอิหยัง",
        "userDefined": false
      }
    ],
    "isTemplate": false,
    "count": 0,
    "lang": "th",
    "updated": 0
  },
  {
    "id": "055be30f-d324-46e7-ba32-7bb87de2976d",
    "data": [
      {
        "text": "อาคารวิทยาศาสตร์และเทคโนโลยีคือเลขอะไร",
        "userDefined": false
      }
    ],
    "isTemplate": false,
    "count": 0,
    "lang": "th",
    "updated": 0
  },
  {
    "id": "edec550f-b712-47a6-9b18-f18986d6e573",
    "data": [
      {
        "text": "อาคารวิทยาศาสตร์และเทคโนโลยีคือเลข",
        "userDefined": false
      }
    ],
    "isTemplate": false,
    "count": 0,
    "lang": "th",
    "updated": 0
  },
  {
    "id": "37439143-5af9-42e7-9749-3038a99b3aab",
    "data": [
      {
        "text": "อาคารวิทยาศาสตร์และเทคโนโลยีเลขอิหยัง",
        "userDefined": false
      }
    ],
    "isTemplate": false,
    "count": 0,
    "lang": "th",
    "updated": 0
  },
  {
    "id": "2657b547-05dc-4c10-984e-4a8f970a1eb6",
    "data": [
      {
        "text": "อาคารวิทยาศาสตร์และเทคโนโลยีเลขอะไร",
        "userDefined": false
      }
    ],
    "isTemplate": false,
    "count": 1,
    "lang": "th",
    "updated": 0
  },
  {
    "id": "715bcdd6-334e-410a-983e-30a9efdbdf6f",
    "data": [
      {
        "text": "อาคารวิทยาศาสตร์และเทคโนโลยีเลขที่เท่าไหร่",
        "userDefined": false
      }
    ],
    "isTemplate": false,
    "count": 0,
    "lang": "th",
    "updated": 0
  },
  {
    "id": "63fdc58f-97ad-47f2-a43d-9a451f13ffb9",
    "data": [
      {
        "text": "อาคารอาคารวิทยาศาสตร์และเทคโนโลยี",
        "userDefined": false
      }
    ],
    "isTemplate": false,
    "count": 0,
    "lang": "th",
    "updated": 0
  },
  {
    "id": "5c268898-89d1-4843-85ad-36c4c3390bdf",
    "data": [
      {
        "text": "เลขอาคารอาคารวิทยาศาสตร์และเทคโนโลยี",
        "userDefined": false
      }
    ],
    "isTemplate": false,
    "count": 0,
    "lang": "th",
    "updated": 0
  },
  {
    "id": "d66e781b-f11d-4825-a79d-ad79b3ce5583",
    "data": [
      {
        "text": "เลขวิทยาศาสตร์และเทคโนโลยีอิหยัง",
        "userDefined": false
      }
    ],
    "isTemplate": false,
    "count": 0,
    "lang": "th",
    "updated": 0
  },
  {
    "id": "a8b3041b-31c7-4ec4-90c3-2205e19002a7",
    "data": [
      {
        "text": "เลขวิทยาศาสตร์และเทคโนโลยีอะไร",
        "userDefined": false
      }
    ],
    "isTemplate": false,
    "count": 0,
    "lang": "th",
    "updated": 0
  },
  {
    "id": "9854a316-ec72-423b-bd94-690af17cb585",
    "data": [
      {
        "text": "เลขวิทยาศาสตร์และเทคโนโลยีที่เท่าไหร่",
        "userDefined": false
      }
    ],
    "isTemplate": false,
    "count": 0,
    "lang": "th",
    "updated": 0
  },
  {
    "id": "89098617-46e7-44a6-80e5-00a1db7ca080",
    "data": [
      {
        "text": "เลขวิทยาศาสตร์และเทคโนโลยีเท่าไหร่",
        "userDefined": false
      }
    ],
    "isTemplate": false,
    "count": 0,
    "lang": "th",
    "updated": 0
  },
  {
    "id": "033e423c-8dbf-4827-b8ad-336791e509a0",
    "data": [
      {
        "text": "เลขวิทยาศาสตร์และเทคโนโลยี",
        "userDefined": false
      }
    ],
    "isTemplate": false,
    "count": 0,
    "lang": "th",
    "updated": 0
  },
  {
    "id": "7a2702c6-7359-416d-bea6-601c502d16fc",
    "data": [
      {
        "text": "หมายเลขอาคารวิทยาศาสตร์และเทคโนโลยีคืออิหยัง",
        "userDefined": false
      }
    ],
    "isTemplate": false,
    "count": 0,
    "lang": "th",
    "updated": 0
  },
  {
    "id": "50e709fb-47a8-49dd-a148-3705bcbc9bf2",
    "data": [
      {
        "text": "หมายเลขอาคารวิทยาศาสตร์และเทคโนโลยีคืออะไร",
        "userDefined": false
      }
    ],
    "isTemplate": false,
    "count": 1,
    "lang": "th",
    "updated": 0
  },
  {
    "id": "e6fb40c8-cc0c-4e37-aba5-7d8a2bf5d044",
    "data": [
      {
        "text": "หมายเลขอาคารวิทยาศาสตร์และเทคโนโลยีอิหยัง",
        "userDefined": false
      }
    ],
    "isTemplate": false,
    "count": 0,
    "lang": "th",
    "updated": 0
  },
  {
    "id": "d7826c6f-a6c4-4fea-b48a-c658b7fc1c0c",
    "data": [
      {
        "text": "หมายเลขอาคารวิทยาศาสตร์และเทคโนโลยีอะไร",
        "userDefined": false
      }
    ],
    "isTemplate": false,
    "count": 0,
    "lang": "th",
    "updated": 0
  },
  {
    "id": "df84caad-d5c2-4f89-b2c2-5c77857520fd",
    "data": [
      {
        "text": "หมายเลขอาคารวิทยาศาสตร์และเทคโนโลยีหมายเลขที่เท่าไหร่",
        "userDefined": false
      }
    ],
    "isTemplate": false,
    "count": 0,
    "lang": "th",
    "updated": 0
  },
  {
    "id": "1baa01c0-b266-4669-8dce-6b5eb7f3b2c1",
    "data": [
      {
        "text": "หมายเลขอาคารวิทยาศาสตร์และเทคโนโลยีหมายเลขที่",
        "userDefined": false
      }
    ],
    "isTemplate": false,
    "count": 0,
    "lang": "th",
    "updated": 0
  },
  {
    "id": "5f20b7f5-71f8-4dd7-9907-5a0255e89698",
    "data": [
      {
        "text": "หมายเลขอาคารอาคารวิทยาศาสตร์และเทคโนโลยี",
        "userDefined": false
      }
    ],
    "isTemplate": false,
    "count": 0,
    "lang": "th",
    "updated": 0
  },
  {
    "id": "9ed72e8f-d5ff-4f5c-8a9e-1a20d777aa2d",
    "data": [
      {
        "text": "วิทยาศาสตร์และเทคโนโลยีเลขอิหยัง",
        "userDefined": false
      }
    ],
    "isTemplate": false,
    "count": 0,
    "lang": "th",
    "updated": 0
  },
  {
    "id": "b932d43f-acbe-4e9e-88de-874d997bb471",
    "data": [
      {
        "text": "วิทยาศาสตร์และเทคโนโลยีคือเลขอิหยัง",
        "userDefined": false
      }
    ],
    "isTemplate": false,
    "count": 0,
    "lang": "th",
    "updated": 0
  },
  {
    "id": "1114eb7d-1224-4a9d-ad8c-4b998a53cb27",
    "data": [
      {
        "text": "วิทยาศาสตร์และเทคโนโลยีคือเลขเท่าไหร่",
        "userDefined": false
      }
    ],
    "isTemplate": false,
    "count": 0,
    "lang": "th",
    "updated": 0
  },
  {
    "id": "707740bc-1003-46d7-b9fb-152538033ca4",
    "data": [
      {
        "text": "วิทยาศาสตร์และเทคโนโลยีคือเลขที่เท่าไหร่",
        "userDefined": false
      }
    ],
    "isTemplate": false,
    "count": 0,
    "lang": "th",
    "updated": 0
  },
  {
    "id": "ea01c3b7-3c18-4845-9903-be8bff7fe12b",
    "data": [
      {
        "text": "วิทยาศาสตร์และเทคโนโลยีคือเลขอะไร",
        "userDefined": false
      }
    ],
    "isTemplate": false,
    "count": 0,
    "lang": "th",
    "updated": 0
  },
  {
    "id": "53ad2ccc-52d8-4a68-beb1-a2238b5e477e",
    "data": [
      {
        "text": "วิทยาศาสตร์และเทคโนโลยีเลขอะไร",
        "userDefined": false
      }
    ],
    "isTemplate": false,
    "count": 0,
    "lang": "th",
    "updated": 0
  },
  {
    "id": "3ce1b926-875b-4ea1-ac80-7cffb7a3915f",
    "data": [
      {
        "text": "วิทยาศาสตร์และเทคโนโลยีเลข?",
        "userDefined": false
      }
    ],
    "isTemplate": false,
    "count": 0,
    "lang": "th",
    "updated": 0
  },
  {
    "id": "79b91eea-877f-4e89-b478-7423a5e00b00",
    "data": [
      {
        "text": "วิทยาศาสตร์และเทคโนโลยีเลขที่",
        "userDefined": false
      }
    ],
    "isTemplate": false,
    "count": 0,
    "lang": "th",
    "updated": 0
  },
  {
    "id": "9d7aaea0-13d4-4946-a5d2-452093cfbe4d",
    "data": [
      {
        "text": "วิทยาศาสตร์และเทคโนโลยีเลขที่เท่าไหร่",
        "userDefined": false
      }
    ],
    "isTemplate": false,
    "count": 0,
    "lang": "th",
    "updated": 0
  },
  {
    "id": "2b8e3c38-f927-4528-96f0-31cc0610f47b",
    "data": [
      {
        "text": "วิทยาศาสตร์และเทคโนโลยีเลข",
        "userDefined": false
      }
    ],
    "isTemplate": false,
    "count": 0,
    "lang": "th",
    "updated": 0
  },
  {
    "id": "cd1bb4dc-062f-4c76-b51d-9223fbfe9812",
    "data": [
      {
        "text": "วิทยาศาสตร์และเทคโนโลยีตึกเลขอะไร",
        "userDefined": false
      }
    ],
    "isTemplate": false,
    "count": 0,
    "lang": "th",
    "updated": 0
  },
  {
    "id": "bf63c8ce-f23d-4216-b4e3-eb1ad3d093e3",
    "data": [
      {
        "text": "วิทยาศาสตร์และเทคโนโลยีตึกเลขที่เท่าไหร่",
        "userDefined": false
      }
    ],
    "isTemplate": false,
    "count": 0,
    "lang": "th",
    "updated": 0
  },
  {
    "id": "d73312fa-13ea-458c-98a1-3e59476480b9",
    "data": [
      {
        "text": "วิทยาศาสตร์และเทคโนโลยีตึกที่เท่าไหร่",
        "userDefined": false
      }
    ],
    "isTemplate": false,
    "count": 0,
    "lang": "th",
    "updated": 0
  },
  {
    "id": "afe6dded-286f-4b18-97fd-7ae33f458a5f",
    "data": [
      {
        "text": "วิทยาศาสตร์และเทคโนโลยีตึกที่",
        "userDefined": false
      }
    ],
    "isTemplate": false,
    "count": 0,
    "lang": "th",
    "updated": 0
  },
  {
    "id": "5115fce4-9581-4dd5-a0eb-e57e01566f63",
    "data": [
      {
        "text": "อาคารวิทยาศาสตร์และเทคโนโลยี",
        "userDefined": false
      }
    ],
    "isTemplate": false,
    "count": 0,
    "lang": "th",
    "updated": 0
  },
  {
    "id": "de6c6009-e18c-4dac-a961-9e416de2522b",
    "data": [
      {
        "text": "อาคารวิทยาศาสตร์",
        "userDefined": false
      }
    ],
    "isTemplate": false,
    "count": 3,
    "lang": "th",
    "updated": 0
  },
  {
    "id": "89042a17-fb0a-4267-853e-c70e12cd140a",
    "data": [
      {
        "text": "อาคารวิทยาศาสตร์และเทคโนโลยีคืออาคารทีเท่าไหร่",
        "userDefined": false
      }
    ],
    "isTemplate": false,
    "count": 0,
    "lang": "th",
    "updated": 0
  },
  {
    "id": "b6bc82c1-7d6c-496e-8a21-0427ac176cb1",
    "data": [
      {
        "text": "ตึกวิทยาศาสตร์และเทคโนโลยีมีเลขอะไร",
        "userDefined": false
      }
    ],
    "isTemplate": false,
    "count": 3,
    "lang": "th",
    "updated": 0
  }
]