[
  {
    "id": "865a8df1-d08d-417d-826c-b193249a4225",
    "data": [
      {
        "text": "เส้นที่จะไป",
        "userDefined": false
      }
    ],
    "isTemplate": false,
    "count": 0,
    "lang": "th",
    "updated": 0
  },
  {
    "id": "44a8a55a-89a4-4d9e-accc-bc0efadad44e",
    "data": [
      {
        "text": "อยู่ทางไหน",
        "userDefined": false
      }
    ],
    "isTemplate": false,
    "count": 0,
    "lang": "th",
    "updated": 0
  },
  {
    "id": "6828c4e6-48a1-477c-9cfc-22a9dafa8603",
    "data": [
      {
        "text": "ทางไปหน่อย",
        "userDefined": false
      }
    ],
    "isTemplate": false,
    "count": 0,
    "lang": "th",
    "updated": 0
  },
  {
    "id": "42fcbc0e-db7a-41f2-8826-bae24761fbb4",
    "data": [
      {
        "text": "มันอยู่ตรงไหน",
        "userDefined": false
      }
    ],
    "isTemplate": false,
    "count": 0,
    "lang": "th",
    "updated": 0
  },
  {
    "id": "f5a3d263-4ac9-4d90-99fa-252f1171a584",
    "data": [
      {
        "text": "บอกเส้นทางไปให้หน่อย",
        "userDefined": false
      }
    ],
    "isTemplate": false,
    "count": 0,
    "lang": "th",
    "updated": 0
  },
  {
    "id": "6725bdf3-db29-4bbd-a601-e388d7e3d1aa",
    "data": [
      {
        "text": "ทางที่ดีที่จะไปอยู่ที่ไหน",
        "userDefined": false
      }
    ],
    "isTemplate": false,
    "count": 0,
    "lang": "th",
    "updated": 0
  },
  {
    "id": "c87c48a4-57f8-4122-b443-7129bfcb6da6",
    "data": [
      {
        "text": "ที่ตั้ง",
        "userDefined": false
      }
    ],
    "isTemplate": false,
    "count": 0,
    "lang": "th",
    "updated": 0
  },
  {
    "id": "45aaa694-3e26-4cb9-8605-23726b0896a4",
    "data": [
      {
        "text": "ทางที่ดีที่จะไป",
        "userDefined": false
      }
    ],
    "isTemplate": false,
    "count": 0,
    "lang": "th",
    "updated": 0
  },
  {
    "id": "7756ed76-8743-4d95-b6ae-615188fb8227",
    "data": [
      {
        "text": "บอกจุดหมายปลายทาง",
        "userDefined": false
      }
    ],
    "isTemplate": false,
    "count": 0,
    "lang": "th",
    "updated": 0
  },
  {
    "id": "b3c3c810-952c-4e90-bac2-cb35f6c25045",
    "data": [
      {
        "text": "บอกเส้นทางไปที่ดี",
        "userDefined": false
      }
    ],
    "isTemplate": false,
    "count": 0,
    "lang": "th",
    "updated": 0
  },
  {
    "id": "f604f317-6759-4341-8255-472574a7429b",
    "data": [
      {
        "text": "จุดหมายปลายทาง",
        "userDefined": false
      }
    ],
    "isTemplate": false,
    "count": 0,
    "lang": "th",
    "updated": 0
  },
  {
    "id": "4f1f2d4d-6cc4-4bae-a942-0cf1119abb07",
    "data": [
      {
        "text": "สถานที่",
        "meta": "@sys.location",
        "alias": "location",
        "userDefined": false
      },
      {
        "text": "ที่เป็นป่า",
        "userDefined": false
      }
    ],
    "isTemplate": false,
    "count": 0,
    "lang": "th",
    "updated": 0
  },
  {
    "id": "0ddf78ff-8d3e-4f08-ad86-5cf4925610cd",
    "data": [
      {
        "text": "บอกสถานที่ที่จะไป",
        "userDefined": false
      }
    ],
    "isTemplate": false,
    "count": 0,
    "lang": "th",
    "updated": 0
  },
  {
    "id": "7473bebf-8034-47c6-aea4-057c8f4dd922",
    "data": [
      {
        "text": "บอกเส้นทาง",
        "userDefined": false
      }
    ],
    "isTemplate": false,
    "count": 0,
    "lang": "th",
    "updated": 0
  },
  {
    "id": "238fe759-1afb-475c-8cfc-6d6336faf4c2",
    "data": [
      {
        "text": "ทางที่จะไปสถานที่",
        "userDefined": false
      }
    ],
    "isTemplate": false,
    "count": 0,
    "lang": "th",
    "updated": 0
  },
  {
    "id": "e3209902-438a-436a-8da2-5c7ccf509521",
    "data": [
      {
        "text": "ทางเลือกในการเดินทางไป",
        "userDefined": false
      }
    ],
    "isTemplate": false,
    "count": 0,
    "lang": "th",
    "updated": 0
  },
  {
    "id": "17b3e071-1ad6-4b81-957d-930f054e606d",
    "data": [
      {
        "text": "มีการเดินทางไป",
        "userDefined": false
      }
    ],
    "isTemplate": false,
    "count": 0,
    "lang": "th",
    "updated": 0
  },
  {
    "id": "c36abcdc-719b-442c-bd29-06a6a7b81295",
    "data": [
      {
        "text": "วิธีไป",
        "userDefined": false
      }
    ],
    "isTemplate": false,
    "count": 0,
    "lang": "th",
    "updated": 0
  },
  {
    "id": "97462379-3c4d-4e74-8d9b-3840df680c02",
    "data": [
      {
        "text": "สถานที่มุ่งหน้าไป",
        "userDefined": false
      }
    ],
    "isTemplate": false,
    "count": 0,
    "lang": "th",
    "updated": 0
  },
  {
    "id": "2865762e-6cd9-4662-a2d0-fdec4c600919",
    "data": [
      {
        "text": "สถานที่",
        "meta": "@sys.location",
        "alias": "location",
        "userDefined": false
      },
      {
        "text": "เพื่อไป",
        "userDefined": false
      }
    ],
    "isTemplate": false,
    "count": 0,
    "lang": "th",
    "updated": 0
  },
  {
    "id": "2651b8d8-dbc9-4a71-bbe8-ff0bc70cd537",
    "data": [
      {
        "text": "เส้นทางที่เพื่อไป",
        "userDefined": false
      }
    ],
    "isTemplate": false,
    "count": 0,
    "lang": "th",
    "updated": 0
  },
  {
    "id": "e614543f-835d-401e-a548-d9bfd1d2b5af",
    "data": [
      {
        "text": "จุดหมายเส้นทาง",
        "userDefined": false
      }
    ],
    "isTemplate": false,
    "count": 0,
    "lang": "th",
    "updated": 0
  },
  {
    "id": "2a4f2a53-b044-44d5-8ae8-05d4fef36fdb",
    "data": [
      {
        "text": "จุดหมาย",
        "userDefined": false
      }
    ],
    "isTemplate": false,
    "count": 0,
    "lang": "th",
    "updated": 0
  },
  {
    "id": "0e25389c-dd41-443b-bb5c-e027086b4739",
    "data": [
      {
        "text": "จุดหมายปลายทางที่จะไป",
        "userDefined": false
      }
    ],
    "isTemplate": false,
    "count": 0,
    "lang": "th",
    "updated": 0
  },
  {
    "id": "6c71e13d-041b-4de4-b899-79921b0a60a9",
    "data": [
      {
        "text": "วิธีการเดินทางที่สะดวกที่สุดไปยัง",
        "userDefined": false
      }
    ],
    "isTemplate": false,
    "count": 0,
    "lang": "th",
    "updated": 0
  },
  {
    "id": "48ece1d7-bb00-45c6-84f1-00f2f5d5d301",
    "data": [
      {
        "text": "จุดเด่นใกล้เคียงเส้นทางไปยัง",
        "userDefined": false
      }
    ],
    "isTemplate": false,
    "count": 0,
    "lang": "th",
    "updated": 0
  },
  {
    "id": "b8958816-5d7a-4ff9-a675-2b86521cdd64",
    "data": [
      {
        "text": "คุณมีข้อมูลเกี่ยวกับเส้นทางทาง",
        "userDefined": false
      }
    ],
    "isTemplate": false,
    "count": 0,
    "lang": "th",
    "updated": 0
  },
  {
    "id": "764fd7ae-2703-4d66-8530-79de931bdf0d",
    "data": [
      {
        "text": "มีทางเลือกในการเดินทางไปยัง",
        "userDefined": false
      }
    ],
    "isTemplate": false,
    "count": 0,
    "lang": "th",
    "updated": 0
  },
  {
    "id": "303a6ee5-6e27-4470-b224-6781c988d178",
    "data": [
      {
        "text": "จะเดินทางไปยัง",
        "userDefined": false
      }
    ],
    "isTemplate": false,
    "count": 0,
    "lang": "th",
    "updated": 0
  },
  {
    "id": "9905ca9e-a34f-41f0-9a13-f920f6523bdc",
    "data": [
      {
        "text": "มีเส้นทางทางไหนที่เร็วกว่าหรือประหยัดที่สุดในการเดินทางไปยัง",
        "userDefined": false
      }
    ],
    "isTemplate": false,
    "count": 0,
    "lang": "th",
    "updated": 0
  },
  {
    "id": "ce442792-a2f6-41ba-b2ec-9e741bd2ec63",
    "data": [
      {
        "text": "คุณแนะนำเส้นทางที่ดีที่สุดในการเดินทางไปยัง",
        "userDefined": false
      }
    ],
    "isTemplate": false,
    "count": 0,
    "lang": "th",
    "updated": 0
  },
  {
    "id": "f9145647-f317-4260-b2aa-20b088eb3840",
    "data": [
      {
        "text": "เส้นทางที่ถ้าเราต้องการไปยัง",
        "userDefined": false
      }
    ],
    "isTemplate": false,
    "count": 0,
    "lang": "th",
    "updated": 0
  },
  {
    "id": "9cfc1c4f-47d7-4787-ba77-509c1b45e737",
    "data": [
      {
        "text": "สำหรับการเดินทางไป",
        "userDefined": false
      }
    ],
    "isTemplate": false,
    "count": 0,
    "lang": "th",
    "updated": 0
  },
  {
    "id": "ef191912-1a99-4ab7-9dc9-6cdf23f158db",
    "data": [
      {
        "text": "มีทางเลือกในการเดินทางไป",
        "userDefined": false
      }
    ],
    "isTemplate": false,
    "count": 0,
    "lang": "th",
    "updated": 0
  },
  {
    "id": "ddf97100-dfe8-4857-8d30-68d08e33b6e7",
    "data": [
      {
        "text": "เมื่อเดินทางไป",
        "userDefined": false
      }
    ],
    "isTemplate": false,
    "count": 0,
    "lang": "th",
    "updated": 0
  },
  {
    "id": "e2422747-5c46-4f60-a86e-6fba53965fae",
    "data": [
      {
        "text": "เส้นทางน่าสนใจที่จะไป",
        "userDefined": false
      }
    ],
    "isTemplate": false,
    "count": 0,
    "lang": "th",
    "updated": 0
  },
  {
    "id": "2dd41ca4-18ba-4b87-9632-72f63d1c6c22",
    "data": [
      {
        "text": "ฉันควรหาเส้นทาใด",
        "userDefined": false
      }
    ],
    "isTemplate": false,
    "count": 0,
    "lang": "th",
    "updated": 0
  },
  {
    "id": "8fd49759-a311-461f-92ac-68ae09af4968",
    "data": [
      {
        "text": "ทางเพื่อไป",
        "userDefined": false
      }
    ],
    "isTemplate": false,
    "count": 0,
    "lang": "th",
    "updated": 0
  },
  {
    "id": "5b98f426-c021-4b81-9048-ed9cd63d08f2",
    "data": [
      {
        "text": "หากต้องการไป",
        "userDefined": false
      }
    ],
    "isTemplate": false,
    "count": 0,
    "lang": "th",
    "updated": 0
  },
  {
    "id": "91de8178-2eeb-4d67-9193-f164fd8e950d",
    "data": [
      {
        "text": "ทางไหน",
        "userDefined": false
      },
      {
        "text": "คือ",
        "meta": "@what",
        "alias": "what",
        "userDefined": false
      },
      {
        "text": "เส้นทางที่มีป่าไม้",
        "userDefined": false
      }
    ],
    "isTemplate": false,
    "count": 0,
    "lang": "th",
    "updated": 0
  },
  {
    "id": "b090558f-d0c8-4cdc-a1db-06523047d654",
    "data": [
      {
        "text": "แนะนำสำหรับการเดินทางไป",
        "userDefined": false
      }
    ],
    "isTemplate": false,
    "count": 0,
    "lang": "th",
    "updated": 0
  },
  {
    "id": "8031aea9-29f6-4074-99de-0731b55e40bc",
    "data": [
      {
        "text": "มีทางลัดในการเดินทางไปยัง",
        "userDefined": false
      }
    ],
    "isTemplate": false,
    "count": 0,
    "lang": "th",
    "updated": 0
  },
  {
    "id": "469f1caf-0417-4c0f-b4c5-9139261de27b",
    "data": [
      {
        "text": "มีวิธีการเดินทางไปยัง",
        "userDefined": false
      }
    ],
    "isTemplate": false,
    "count": 0,
    "lang": "th",
    "updated": 0
  },
  {
    "id": "adb61550-5f00-4184-b040-3f982712bba2",
    "data": [
      {
        "text": "สถานที่",
        "meta": "@sys.location",
        "alias": "location",
        "userDefined": false
      }
    ],
    "isTemplate": false,
    "count": 0,
    "lang": "th",
    "updated": 0
  },
  {
    "id": "7988f501-68ff-4634-8ed5-962c264d35f1",
    "data": [
      {
        "text": "เส้นทางที่สะดวกที่สุดในการเดินทางไปยัง",
        "userDefined": false
      }
    ],
    "isTemplate": false,
    "count": 0,
    "lang": "th",
    "updated": 0
  },
  {
    "id": "deaed6a7-8035-4d84-8312-861c4631b459",
    "data": [
      {
        "text": "วิธีการไปสู่",
        "userDefined": false
      },
      {
        "text": "สถานที่",
        "meta": "@sys.location",
        "alias": "location",
        "userDefined": false
      }
    ],
    "isTemplate": false,
    "count": 0,
    "lang": "th",
    "updated": 0
  },
  {
    "id": "0206be27-39e4-42b4-9cae-64cac1fc72ae",
    "data": [
      {
        "text": "อยู่ตรงไหน",
        "userDefined": false
      }
    ],
    "isTemplate": false,
    "count": 0,
    "lang": "th",
    "updated": 0
  },
  {
    "id": "0327b7bc-7711-4bf7-9863-13eba9ee4664",
    "data": [
      {
        "text": "ทางไหน",
        "userDefined": false
      }
    ],
    "isTemplate": false,
    "count": 0,
    "lang": "th",
    "updated": 0
  },
  {
    "id": "51d05ee7-5b24-40d3-bd4a-304013fed1ee",
    "data": [
      {
        "text": "เส้นทางจะไป",
        "userDefined": false
      }
    ],
    "isTemplate": false,
    "count": 0,
    "lang": "th",
    "updated": 0
  },
  {
    "id": "02985822-1342-4b01-85c5-412a996ea875",
    "data": [
      {
        "text": "จะไป",
        "userDefined": false
      }
    ],
    "isTemplate": false,
    "count": 0,
    "lang": "th",
    "updated": 0
  },
  {
    "id": "9fc6836c-5ad7-4f20-910d-a17f1af4e741",
    "data": [
      {
        "text": "เส้นทาง",
        "userDefined": false
      }
    ],
    "isTemplate": false,
    "count": 0,
    "lang": "th",
    "updated": 0
  },
  {
    "id": "06dcb88a-801d-4ca1-ab08-ea1a86c5271d",
    "data": [
      {
        "text": "ทางที่จะไป",
        "userDefined": false
      }
    ],
    "isTemplate": false,
    "count": 0,
    "lang": "th",
    "updated": 0
  },
  {
    "id": "183ce7de-d529-4717-a436-002c5d522b69",
    "data": [
      {
        "text": "อยู่ทีไหน",
        "userDefined": false
      }
    ],
    "isTemplate": false,
    "count": 0,
    "lang": "th",
    "updated": 0
  },
  {
    "id": "30839bee-5bf3-46c5-b53a-b9f4b33ab4c7",
    "data": [
      {
        "text": "ไปท่าน้ำยังไง",
        "userDefined": false
      }
    ],
    "isTemplate": false,
    "count": 0,
    "lang": "th",
    "updated": 0
  },
  {
    "id": "a22f467a-ac0b-429d-ae68-93fad069a7f2",
    "data": [
      {
        "text": "ท่าน้ำ",
        "userDefined": false
      }
    ],
    "isTemplate": false,
    "count": 0,
    "lang": "th",
    "updated": 0
  },
  {
    "id": "533a8937-1992-4d0c-a66e-10d2ab5520f2",
    "data": [
      {
        "text": "ชื่อ",
        "userDefined": false
      },
      {
        "text": "อะไร",
        "meta": "@what",
        "alias": "what",
        "userDefined": false
      }
    ],
    "isTemplate": false,
    "count": 1,
    "lang": "th",
    "updated": 0
  },
  {
    "id": "70298df4-4d54-43dd-b351-448cdff636f9",
    "data": [
      {
        "text": "อ่างสกลไปยังไง",
        "userDefined": false
      }
    ],
    "isTemplate": false,
    "count": 0,
    "lang": "th",
    "updated": 0
  },
  {
    "id": "fee7374c-bb2f-425e-b803-f5d9363d9aee",
    "data": [
      {
        "text": "ท่าน้ำพงษ์ศักดิ์สุริยวนากุล",
        "meta": "@sys.person",
        "alias": "person",
        "userDefined": false
      }
    ],
    "isTemplate": false,
    "count": 0,
    "lang": "th",
    "updated": 0
  },
  {
    "id": "5f54747f-7cc5-4a9e-a163-920bab574da9",
    "data": [
      {
        "text": "อ่างสกล",
        "meta": "@sys.location",
        "alias": "location",
        "userDefined": false
      }
    ],
    "isTemplate": false,
    "count": 0,
    "lang": "th",
    "updated": 0
  }
]