[
  {
    "id": "a676eca0-e457-4816-be13-ee88edbaeab8",
    "data": [
      {
        "text": "เส้นที่จะไป",
        "userDefined": false
      }
    ],
    "isTemplate": false,
    "count": 0,
    "lang": "th",
    "updated": 0
  },
  {
    "id": "2f41e8dc-d19c-45de-a17d-73fea151f1ef",
    "data": [
      {
        "text": "อยู่ทางไหน",
        "userDefined": false
      }
    ],
    "isTemplate": false,
    "count": 0,
    "lang": "th",
    "updated": 0
  },
  {
    "id": "10de3a74-d5a7-4526-a023-ff2ac3d382fe",
    "data": [
      {
        "text": "ทางไปหน่อย",
        "userDefined": false
      }
    ],
    "isTemplate": false,
    "count": 0,
    "lang": "th",
    "updated": 0
  },
  {
    "id": "8742ca4b-126b-49fb-910b-0ece128fbde6",
    "data": [
      {
        "text": "มันอยู่ตรงไหน",
        "userDefined": false
      }
    ],
    "isTemplate": false,
    "count": 0,
    "lang": "th",
    "updated": 0
  },
  {
    "id": "b20cfbf8-ede0-4b78-a9b9-df1cce43f303",
    "data": [
      {
        "text": "บอกเส้นทางไปให้หน่อย",
        "userDefined": false
      }
    ],
    "isTemplate": false,
    "count": 0,
    "lang": "th",
    "updated": 0
  },
  {
    "id": "6ec88f1b-7111-4a89-b3fc-292b18fe654a",
    "data": [
      {
        "text": "ทางที่ดีที่จะไปอยู่ที่ไหน",
        "userDefined": false
      }
    ],
    "isTemplate": false,
    "count": 0,
    "lang": "th",
    "updated": 0
  },
  {
    "id": "2ac1e3ec-b4fd-477d-9495-6bb3f9053071",
    "data": [
      {
        "text": "ที่ตั้ง",
        "userDefined": false
      }
    ],
    "isTemplate": false,
    "count": 0,
    "lang": "th",
    "updated": 0
  },
  {
    "id": "761b722a-abab-48d0-a44c-9008efb81c8f",
    "data": [
      {
        "text": "ทางที่ดีที่จะไป",
        "userDefined": false
      }
    ],
    "isTemplate": false,
    "count": 0,
    "lang": "th",
    "updated": 0
  },
  {
    "id": "c019dbc7-0224-4bd9-b529-0696ca89a779",
    "data": [
      {
        "text": "บอกจุดหมายปลายทาง",
        "userDefined": false
      }
    ],
    "isTemplate": false,
    "count": 0,
    "lang": "th",
    "updated": 0
  },
  {
    "id": "4162f86e-e720-439c-997e-148f53f91b32",
    "data": [
      {
        "text": "บอกเส้นทางไปที่ดี",
        "userDefined": false
      }
    ],
    "isTemplate": false,
    "count": 0,
    "lang": "th",
    "updated": 0
  },
  {
    "id": "318c7f2e-16ad-44f3-8753-9392d0ba63b1",
    "data": [
      {
        "text": "จุดหมายปลายทาง",
        "userDefined": false
      }
    ],
    "isTemplate": false,
    "count": 0,
    "lang": "th",
    "updated": 0
  },
  {
    "id": "cf8b3ef7-2403-47cd-beac-8546bceebd1e",
    "data": [
      {
        "text": "สถานที่ที่เป็นป่า",
        "userDefined": false
      }
    ],
    "isTemplate": false,
    "count": 0,
    "lang": "th",
    "updated": 0
  },
  {
    "id": "6c0fd7f7-ec99-41ce-8b1a-847c55d98c5f",
    "data": [
      {
        "text": "บอก",
        "userDefined": false
      },
      {
        "text": "สถานที่",
        "meta": "@sys.location",
        "alias": "location",
        "userDefined": false
      },
      {
        "text": "ที่จะไป",
        "userDefined": false
      }
    ],
    "isTemplate": false,
    "count": 0,
    "lang": "th",
    "updated": 0
  },
  {
    "id": "d7c74ba7-eac9-435e-b529-d24e68620994",
    "data": [
      {
        "text": "บอกเส้นทาง",
        "userDefined": false
      }
    ],
    "isTemplate": false,
    "count": 0,
    "lang": "th",
    "updated": 0
  },
  {
    "id": "3c8c2c65-8557-4f1a-b2e5-98e0457c69d8",
    "data": [
      {
        "text": "ทางที่จะไป",
        "userDefined": false
      },
      {
        "text": "สถานที่",
        "meta": "@sys.location",
        "alias": "location",
        "userDefined": false
      }
    ],
    "isTemplate": false,
    "count": 0,
    "lang": "th",
    "updated": 0
  },
  {
    "id": "8911ed4c-127a-4438-8525-9d98fad8e8c9",
    "data": [
      {
        "text": "ทางเลือกในการเดินทางไป",
        "userDefined": false
      }
    ],
    "isTemplate": false,
    "count": 0,
    "lang": "th",
    "updated": 0
  },
  {
    "id": "b9354230-dd38-4fbc-8dca-5be8b5733bd0",
    "data": [
      {
        "text": "มีการเดินทางไป",
        "userDefined": false
      }
    ],
    "isTemplate": false,
    "count": 0,
    "lang": "th",
    "updated": 0
  },
  {
    "id": "26ebf3dd-6ded-431d-af0a-84e1029eb4ef",
    "data": [
      {
        "text": "วิธีไป",
        "userDefined": false
      }
    ],
    "isTemplate": false,
    "count": 0,
    "lang": "th",
    "updated": 0
  },
  {
    "id": "d47a9ddb-d172-48a9-a135-8ef1ed76a67e",
    "data": [
      {
        "text": "สถานที่มุ่งหน้าไป",
        "userDefined": false
      }
    ],
    "isTemplate": false,
    "count": 0,
    "lang": "th",
    "updated": 0
  },
  {
    "id": "ae7fda4b-ca07-4fd8-b246-d2af340b35fd",
    "data": [
      {
        "text": "สถานที่",
        "meta": "@sys.location",
        "alias": "location",
        "userDefined": false
      },
      {
        "text": "เพื่อไป",
        "userDefined": false
      }
    ],
    "isTemplate": false,
    "count": 0,
    "lang": "th",
    "updated": 0
  },
  {
    "id": "092fdd4d-d151-4a26-8e00-b82cabccb7d6",
    "data": [
      {
        "text": "เส้นทางที่เพื่อไป",
        "userDefined": false
      }
    ],
    "isTemplate": false,
    "count": 0,
    "lang": "th",
    "updated": 0
  },
  {
    "id": "e0fccfae-077d-4a08-9996-7ee4d084589e",
    "data": [
      {
        "text": "จุดหมายเส้นทาง",
        "userDefined": false
      }
    ],
    "isTemplate": false,
    "count": 0,
    "lang": "th",
    "updated": 0
  },
  {
    "id": "b11e3bda-967c-490a-a79d-9a34b9f4a578",
    "data": [
      {
        "text": "จุดหมาย",
        "userDefined": false
      }
    ],
    "isTemplate": false,
    "count": 0,
    "lang": "th",
    "updated": 0
  },
  {
    "id": "c60c2161-5869-49c9-b65d-5486a25bf455",
    "data": [
      {
        "text": "จุดหมายปลายทางที่จะไป",
        "userDefined": false
      }
    ],
    "isTemplate": false,
    "count": 0,
    "lang": "th",
    "updated": 0
  },
  {
    "id": "965fcebc-d347-47bd-9b5b-9b2175b5fca2",
    "data": [
      {
        "text": "วิธีการเดินทางที่สะดวกที่สุดไปยัง",
        "userDefined": false
      }
    ],
    "isTemplate": false,
    "count": 0,
    "lang": "th",
    "updated": 0
  },
  {
    "id": "4ba56df4-fcd1-47ab-a2c8-c18245603852",
    "data": [
      {
        "text": "จุดเด่นใกล้เคียงเส้นทางไปยัง",
        "userDefined": false
      }
    ],
    "isTemplate": false,
    "count": 0,
    "lang": "th",
    "updated": 0
  },
  {
    "id": "5ecb9953-f652-4e06-a573-8196219887a4",
    "data": [
      {
        "text": "คุณมีข้อมูลเกี่ยวกับเส้นทางทาง",
        "userDefined": false
      }
    ],
    "isTemplate": false,
    "count": 0,
    "lang": "th",
    "updated": 0
  },
  {
    "id": "e042d340-8e7b-4951-8440-959d83d3ca62",
    "data": [
      {
        "text": "มีทางเลือกในการเดินทางไปยัง",
        "userDefined": false
      }
    ],
    "isTemplate": false,
    "count": 0,
    "lang": "th",
    "updated": 0
  },
  {
    "id": "cf23b61d-681a-4bd5-8f5d-f37405d0e981",
    "data": [
      {
        "text": "จะเดินทางไปยัง",
        "userDefined": false
      }
    ],
    "isTemplate": false,
    "count": 0,
    "lang": "th",
    "updated": 0
  },
  {
    "id": "7c77cbc6-55b7-4f60-90f5-b1a4792a0bd7",
    "data": [
      {
        "text": "มีเส้นทางทางไหนที่เร็วกว่าหรือประหยัดที่สุดในการเดินทางไปยัง",
        "userDefined": false
      }
    ],
    "isTemplate": false,
    "count": 0,
    "lang": "th",
    "updated": 0
  },
  {
    "id": "f15969bb-5f8f-42fd-b10b-481ebd04ac81",
    "data": [
      {
        "text": "คุณแนะนำเส้นทางที่ดีที่สุดในการเดินทางไปยัง",
        "userDefined": false
      }
    ],
    "isTemplate": false,
    "count": 0,
    "lang": "th",
    "updated": 0
  },
  {
    "id": "d8d673e2-885e-4302-a06a-5e501160042d",
    "data": [
      {
        "text": "เส้นทางที่ถ้าเราต้องการไปยัง",
        "userDefined": false
      }
    ],
    "isTemplate": false,
    "count": 0,
    "lang": "th",
    "updated": 0
  },
  {
    "id": "3b2ea977-4bb7-49ee-a18a-dc1547a26b6a",
    "data": [
      {
        "text": "สำหรับการเดินทางไป",
        "userDefined": false
      }
    ],
    "isTemplate": false,
    "count": 0,
    "lang": "th",
    "updated": 0
  },
  {
    "id": "91d04475-44e8-4173-ada9-0940ae7b13fb",
    "data": [
      {
        "text": "มีทางเลือกในการเดินทางไป",
        "userDefined": false
      }
    ],
    "isTemplate": false,
    "count": 0,
    "lang": "th",
    "updated": 0
  },
  {
    "id": "f5df2468-a107-4163-a53b-084bfd0d1380",
    "data": [
      {
        "text": "เมื่อเดินทางไป",
        "userDefined": false
      }
    ],
    "isTemplate": false,
    "count": 0,
    "lang": "th",
    "updated": 0
  },
  {
    "id": "6ed412e5-b5ae-47c3-afe4-a625e989815b",
    "data": [
      {
        "text": "เส้นทางน่าสนใจที่จะไป",
        "userDefined": false
      }
    ],
    "isTemplate": false,
    "count": 0,
    "lang": "th",
    "updated": 0
  },
  {
    "id": "bb4741d4-dd66-4eb6-a2b6-7e54e3ab4941",
    "data": [
      {
        "text": "ฉันควรหาเส้นทาใด",
        "userDefined": false
      }
    ],
    "isTemplate": false,
    "count": 0,
    "lang": "th",
    "updated": 0
  },
  {
    "id": "bbe93688-8142-41b2-9faa-30b02f3a8606",
    "data": [
      {
        "text": "ทางเพื่อไป",
        "userDefined": false
      }
    ],
    "isTemplate": false,
    "count": 0,
    "lang": "th",
    "updated": 0
  },
  {
    "id": "db9222fd-7489-4625-a5ba-3c42743ffdea",
    "data": [
      {
        "text": "หากต้องการไป",
        "userDefined": false
      }
    ],
    "isTemplate": false,
    "count": 0,
    "lang": "th",
    "updated": 0
  },
  {
    "id": "65811fd4-4740-4ca2-b576-00a8a3de1aa0",
    "data": [
      {
        "text": "ทางไหน",
        "userDefined": false
      },
      {
        "text": "คือ",
        "meta": "@what",
        "alias": "what",
        "userDefined": false
      },
      {
        "text": "เส้นทางที่มีป่าไม้",
        "userDefined": false
      }
    ],
    "isTemplate": false,
    "count": 0,
    "lang": "th",
    "updated": 0
  },
  {
    "id": "6136f191-f8a0-4872-bd36-1baa1f699e7c",
    "data": [
      {
        "text": "แนะนำสำหรับการเดินทางไป",
        "userDefined": false
      }
    ],
    "isTemplate": false,
    "count": 0,
    "lang": "th",
    "updated": 0
  },
  {
    "id": "e655f785-9193-451b-ac6d-a802b79cc084",
    "data": [
      {
        "text": "มีทางลัดในการเดินทางไปยัง",
        "userDefined": false
      }
    ],
    "isTemplate": false,
    "count": 0,
    "lang": "th",
    "updated": 0
  },
  {
    "id": "b452f988-fbe6-4f69-a02b-6df5dc37a25f",
    "data": [
      {
        "text": "มีวิธีการเดินทางไปยัง",
        "userDefined": false
      }
    ],
    "isTemplate": false,
    "count": 0,
    "lang": "th",
    "updated": 0
  },
  {
    "id": "6b825fcc-a052-496b-9225-745f62b6eff6",
    "data": [
      {
        "text": "สถานที่",
        "meta": "@sys.location",
        "alias": "location",
        "userDefined": false
      }
    ],
    "isTemplate": false,
    "count": 0,
    "lang": "th",
    "updated": 0
  },
  {
    "id": "80aedc6f-353c-403c-82f2-b05cd9547ca6",
    "data": [
      {
        "text": "เส้นทางที่สะดวกที่สุดในการเดินทางไปยัง",
        "userDefined": false
      }
    ],
    "isTemplate": false,
    "count": 0,
    "lang": "th",
    "updated": 0
  },
  {
    "id": "793281f3-cfad-464c-a891-c08be2151641",
    "data": [
      {
        "text": "วิธีการไปสู่",
        "userDefined": false
      },
      {
        "text": "สถานที่",
        "meta": "@sys.location",
        "alias": "location",
        "userDefined": false
      }
    ],
    "isTemplate": false,
    "count": 0,
    "lang": "th",
    "updated": 0
  },
  {
    "id": "7caae94b-b227-426f-aa44-0878113d0889",
    "data": [
      {
        "text": "อยู่ตรงไหน",
        "userDefined": false
      }
    ],
    "isTemplate": false,
    "count": 0,
    "lang": "th",
    "updated": 0
  },
  {
    "id": "3699570a-3fa9-42e2-9627-71a34ed3d0bf",
    "data": [
      {
        "text": "ทางไหน",
        "userDefined": false
      }
    ],
    "isTemplate": false,
    "count": 0,
    "lang": "th",
    "updated": 0
  },
  {
    "id": "432590d8-0be4-4709-a427-bb068ec4b11a",
    "data": [
      {
        "text": "เส้นทางจะไป",
        "userDefined": false
      }
    ],
    "isTemplate": false,
    "count": 0,
    "lang": "th",
    "updated": 0
  },
  {
    "id": "bab549f8-c7a1-4045-b802-13868e24767d",
    "data": [
      {
        "text": "จะไป",
        "userDefined": false
      }
    ],
    "isTemplate": false,
    "count": 0,
    "lang": "th",
    "updated": 0
  },
  {
    "id": "9ba3aef0-cfb8-4d4b-9bf7-9de3503bc3aa",
    "data": [
      {
        "text": "เส้นทาง",
        "userDefined": false
      }
    ],
    "isTemplate": false,
    "count": 0,
    "lang": "th",
    "updated": 0
  },
  {
    "id": "2c4289d1-e0ea-4dfb-9502-7450b556e90f",
    "data": [
      {
        "text": "อุทยาน",
        "meta": "@sys.location",
        "alias": "location",
        "userDefined": false
      },
      {
        "text": "สวนบัวไปทางไหน",
        "userDefined": false
      }
    ],
    "isTemplate": false,
    "count": 0,
    "lang": "th",
    "updated": 0
  },
  {
    "id": "c6f1530e-2dd9-40b3-9be8-814a58232472",
    "data": [
      {
        "text": "ทางที่จะไป",
        "userDefined": false
      }
    ],
    "isTemplate": false,
    "count": 0,
    "lang": "th",
    "updated": 0
  },
  {
    "id": "5102b6b8-5341-4eac-8a05-e33ca0e6f3c4",
    "data": [
      {
        "text": "อยู่ทีไหน",
        "userDefined": false
      }
    ],
    "isTemplate": false,
    "count": 0,
    "lang": "th",
    "updated": 0
  },
  {
    "id": "15143a7d-83e8-4bae-8b8a-82552328bf3d",
    "data": [
      {
        "text": "อุทยานสวนบัว",
        "meta": "@sys.location",
        "alias": "location",
        "userDefined": false
      }
    ],
    "isTemplate": false,
    "count": 0,
    "lang": "th",
    "updated": 0
  },
  {
    "id": "eb08f985-48b6-47f3-ae25-2cf500741d2a",
    "data": [
      {
        "text": "สวนบัว",
        "meta": "@sys.location",
        "alias": "location",
        "userDefined": false
      }
    ],
    "isTemplate": false,
    "count": 0,
    "lang": "th",
    "updated": 0
  },
  {
    "id": "9c031e5e-c5dc-4ca5-b9bd-23e27f582033",
    "data": [
      {
        "text": "อุทยานบัว",
        "meta": "@sys.location",
        "alias": "location",
        "userDefined": false
      }
    ],
    "isTemplate": false,
    "count": 0,
    "lang": "th",
    "updated": 0
  }
]