[
  {
    "id": "8493c664-6035-4316-b7fa-85256ec45312",
    "data": [
      {
        "text": "ยินดีที่ได้รู้จัก",
        "userDefined": false
      }
    ],
    "isTemplate": false,
    "count": 0,
    "lang": "th",
    "updated": 0
  },
  {
    "id": "2440dcef-3621-40a6-8699-ee4d8690b7cd",
    "data": [
      {
        "text": "ยินดีที่ได้รู้จักนะ",
        "userDefined": false
      }
    ],
    "isTemplate": false,
    "count": 0,
    "lang": "th",
    "updated": 0
  },
  {
    "id": "70e71ecf-9870-4087-a0bd-fa0af80182a1",
    "data": [
      {
        "text": "ยินดีที่ได้รู้จักน้า",
        "userDefined": false
      }
    ],
    "isTemplate": false,
    "count": 0,
    "lang": "th",
    "updated": 0
  }
]