[
  {
    "id": "180f017d-b074-46cb-92f3-e2bbb5580678",
    "data": [
      {
        "text": "อยากรูู้น้ำหนัก",
        "userDefined": false
      }
    ],
    "isTemplate": false,
    "count": 0,
    "lang": "th",
    "updated": 0
  },
  {
    "id": "fcca5e44-dc7f-4d21-8c9d-9245f52a26ba",
    "data": [
      {
        "text": "หนักเท่าไหร่",
        "userDefined": false
      }
    ],
    "isTemplate": false,
    "count": 0,
    "lang": "th",
    "updated": 0
  },
  {
    "id": "4e55d659-f8fe-4a4a-9aba-3899a51add95",
    "data": [
      {
        "text": "น้ำหนักเท่าไหร่",
        "userDefined": false
      }
    ],
    "isTemplate": false,
    "count": 0,
    "lang": "th",
    "updated": 0
  }
]