[
  {
    "value": "อาคาร1",
    "synonyms": [
      "อาคารหมายเลข1คืออะไร",
      "อาคาร1",
      "ตึก1มีชื่อว่าอะไร",
      "ตึก1ชื่อ",
      "ตึก1คือตึกอะไร",
      "อะไรคือตึก1",
      "อาคาร1คือ",
      "ชื่ออาคาร1",
      "ชื่อตึก1"
    ]
  },
  {
    "value": "อาคาร2",
    "synonyms": [
      "อาคาร2",
      "อาคารหมายเลข2คืออะไร",
      "ตึก2มีชื่อว่าอะไร",
      "ตึก2ชื่อ",
      "ตึก2คือตึกอะไร",
      "อะไรคือตึก2",
      "อาคาร2คือ",
      "ชื่ออาคาร2",
      "ชื่อตึก2"
    ]
  },
  {
    "value": "อาคาร3",
    "synonyms": [
      "อาคาร3",
      "อาคารหมายเลข3คืออะไร",
      "ตึก3ชื่อ",
      "ตึก3คือตึกอะไร",
      "อะไรคือตึก3",
      "อาคาร3คือ",
      "ชื่อตึก3"
    ]
  },
  {
    "value": "อาคาร4",
    "synonyms": [
      "อาคาร4",
      "อาคารหมายเลข4คืออะไร",
      "ตึก4ชื่อ",
      "ตึก4คือตึกอะไร",
      "อะไรคือดึก4",
      "อาคาร4คือ",
      "ชื่อตึก4"
    ]
  },
  {
    "value": "อาคาร5",
    "synonyms": [
      "อาคาร5",
      "อาคารหมายเลข5คืออะไร",
      "ตึก5คือตึกอะไร",
      "อะไรคือตึก5",
      "อาคาร5คือ",
      "ชื่อตึก5"
    ]
  }
]