[
  {
    "value": "บริหาร",
    "synonyms": [
      "บริหาร",
      "อาคารบริหาร",
      "ตึกบริหาร"
    ]
  },
  {
    "value": "เรียนรวม",
    "synonyms": [
      "เรียนรวม",
      "อาคารเรียนรวม",
      "ตึกเรียนรวม"
    ]
  },
  {
    "value": "อาคารชุดพักอาศัย",
    "synonyms": [
      "อาคารชุดพักอาศัย",
      "หอพักอาจารย์",
      "ตึกพักอาศัย"
    ]
  },
  {
    "value": "หอนนทรี",
    "synonyms": [
      "หอนนทรี",
      "หอพักหญิงนน",
      "หอนน",
      "หอในญ"
    ]
  },
  {
    "value": "อาคารปฏิบัติการรวม",
    "synonyms": [
      "อาคารปฏิบัติการรวม"
    ]
  }
]