[
  {
    "value": "อยากทราบชื่ออาคาร",
    "synonyms": [
      "อยากทราบชื่ออาคาร",
      "อาคารชื่ออะไร",
      "หาชื่ออาคาร",
      "ชื่ออาคาร",
      "ชื่อตึก"
    ]
  },
  {
    "value": "อยากทราบหมายเลขอาคาร",
    "synonyms": [
      "อยากทราบหมายเลขอาคาร",
      "หมายเลขตึก",
      "หมายเลขอาคาร",
      "ตึกที่",
      "ตึกที่เท่าไหร่"
    ]
  },
  {
    "value": "อยากทราบโลเคชั่น",
    "synonyms": [
      "อยากทราบโลเคชั่น",
      "อยากทราบการเดินทาง",
      "ไปยังไง",
      "อยู่ไหน",
      "ตามหาอาคาร",
      "อาคารอยู่ตรงไหน",
      "ที่ไหน",
      "แผนที่ตึก",
      "แผนที่",
      "โลเคชั่น",
      "การเดินทาง",
      "ไปตึก"
    ]
  }
]