[
  {
    "value": "อาหารตามสั่ง",
    "synonyms": [
      "อาหารตามสั่ง",
      "อาหารคาว",
      "ข้าว",
      "กับข้าว",
      "ร้านกินข้าว"
    ]
  },
  {
    "value": "ร้านชาบู-ปิ้งย่าง",
    "synonyms": [
      "ร้านชาบู-ปิ้งย่าง",
      "หมูกะทะ",
      "จิ้มจุ่ม",
      "ชาบู",
      "เมนูลวก",
      "แจ่วฮ้อน"
    ]
  },
  {
    "value": "ร้านขายยา",
    "synonyms": [
      "ร้านขายยา",
      "ซื้อยา",
      "ไม่สบาย",
      "ร้านยา"
    ]
  },
  {
    "value": "ร้านก๋วยเตี๋ยว",
    "synonyms": [
      "ร้านก๋วยเตี๋ยว",
      "อาหารเส้น",
      "ก๋วยเตี๋ยว",
      "ต้มยำ",
      "น้ำใส",
      "น้ำตก"
    ]
  },
  {
    "value": "ร้านอาหารฮาลาล",
    "synonyms": [
      "ร้านอาหารฮาลาล",
      "ร้านมุสลิม",
      "อาหารมุสลิม",
      "ฮาลาล"
    ]
  }
]